0,00030994465;0,00025225157;1,2287124
0,00030629826;0,00026288207;1,1651547
0,00030269474;0,00027550117;1,0987059
0,00029913362;0,00027225996;1,0987059
0,00029561442;0,00026905793;1,0987017
0,0002970926;0,00027122605;1,095369
0,00030035453;0,00027714027;1,0837636
0,00030566574;0,00029205153;1,0466158
0,00030984008;0,0003117267;0,9939478
0,0003120548;0,0003248155;0,9607139
0,00031339098;0,00033201725;0,9438997
0,00030970402;0,00032811117;0,94389963
0,00030606045;0,00032425104;0,9438997
0,00030245972;0,00033388459;0,90588105
0,00029890137;0,00035215254;0,8487838
0,00030277937;0,0003698159;0,81873
0,00030913294;0,00038334157;0,80641645
0,00031738117;0,00038713345;0,8198237
0,00032529936;0,0003864935;0,84166837
0,00033143105;0,0003819465;0,86774206
0,00033195634;0,00037745302;0,879464
0,00032805098;0,00037637015;0,871618
0,00032419155;0,00038006506;0,8529896
0,00032037753;0,0003858665;0,8302807
0,00032448408;0,00039274487;0,8261956
0,00033103567;0,0003962074;0,835511
0,0003417526;0,00039769997;0,85932267
0,00035095745;0,00039302243;0,8929705
0,0003572749;0,0003884014;0,91986
0,0003573868;0,0003838377;0,9310883
0,00035318223;0,0003827728;0,9226942
0,00034902716;0,00038604336;0,9041139
0,00035000054;0,0003906775;0,89588094
0,00035669198;0,00039559093;0,9016687
0,00037589826;0,0003993123;0,9413641
0,00040009595;0,00040103114;0,997668
0,00042453615;0,00039708574;1,0691297
0,0004372881;0,00039254935;1,1139698
0,00043214354;0,0003879993;1,1137741
0,00042705948;0,00038345653;1,1137103
0,00043688618;0,00038277498;1,1413656
0,00045448472;0,00038267724;1,187645
0,0004807423;0,00038400094;1,25193
0,0005001446;0,0003859664;1,2958242
0,000506904;0,0003864579;1,3116667
0,00050840806;0,00038542252;1,3190928
0,0005024282;0,00038109763;1,3183714
0,0004965173;0,00037693407;1,3172524
0,0005133439;0,0003727684;1,3771122
0,0005272;0,00036876483;1,4296374
0,0005421114;0,0003663184;1,4798913
0,0005510086;0,00036594074;1,5057318
0,0005565722;0,0003667486;1,5175852
0,000557439;0,00036732556;1,5175612
0,0005508809;0,00036706275;1,5007813
0,00058574806;0,000366254;1,5992945
0,00059616636;0,00036250908;1,6445557
0,0006082989;0,0003589384;1,6947167
0,00061440247;0,000354753;1,7319162
0,0006141091;0,00035128268;1,7481906
0,0006103278;0,0003479002;1,7543186
0,0006031475;0,0003448132;1,7492007
0,0006118077;0,00034311047;1,7831216
0,00063814706;0,00034831034;1,8321221
0,0006443851;0,00035781215;1,8009033
0,0006443199;0,0003687281;1,7474121
0,0006406902;0,00037578045;1,7049589
0,0006345291;0,00037479593;1,6929989
0,00062706403;0,00037175184;1,6867813
0,00063079316;0,00036754797;1,71622
0,0006338048;0,0003634752;1,743736
0,00063768466;0,00036008138;1,7709459
0,0006391488;0,0003561626;1,7945422
0,00063852983;0,00035495445;1,7989064
0,0006320019;0,0003583294;1,7637457
0,0006356437;0,00036372917;1,7475742
0,00063939736;0,000369934;1,7284093
0,000645597;0,00037424354;1,7250719
0,0006594895;0,00037655028;1,7513982
0,00066414877;0,0003721686;1,7845373
0,00066013925;0,0003678297;1,7946873
0,00066372164;0,00036354837;1,8256763
0,00066622085;0,00035928318;1,8543057
0,00066981884;0,000355156;1,8859849
0,00067212456;0,0003511511;1,9140608
0,000670057;0,00034755934;1,9278924
0,0006644729;0,0003500496;1,8982248
0,00067516835;0,00035537148;1,8998946
0,0006832145;0,0003587994;1,9041684
0,000692914;0,00035763104;1,9375108
0,00069514854;0,00035658802;1,9494445
0,00069241895;0,00036111663;1,9174385
0,00069080736;0,0003573582;1,9330951
0,00069121295;0,00035332527;1,9563076
0,0006954572;0,00034958092;1,9894027
0,0007164472;0,00034591195;2,0711837
0,00072857173;0,0003425389;2,126975
0,00072388205;0,00033916466;2,1343086
0,0007227327;0,00033830112;2,1363592
0,0007201734;0,00033875275;2,1259558
0,0007180816;0,0003430071;2,0934892
0,0007136409;0,0003452214;2,0671978
0,0007074829;0,0003466087;2,0411575
0,00070312433;0,00034555502;2,034768
0,0007016358;0,00034277016;2,046957
0,0007019642;0,0003405577;2,0612197
0,0007000949;0,00033891117;2,065718
0,00069585996;0,0003380152;2,0586646
0,0006935653;0,00033524833;2,0688105
0,00069301797;0,00033403983;2,0746567
0,0006954355;0,00033157246;2,0973861
0,000697446;0,00033037682;2,111062
0,00069704745;0,00032749132;2,1284456
0,00070612965;0,00032657912;2,162201
0,0007096987;0,0003244315;2,1875148
0,0007132173;0,0003239044;2,2019377
0,0007144078;0,00032183214;2,219815
0,0007170928;0,00032337694;2,2175136
0,00071585353;0,0003229374;2,2166944
0,00072041166;0,00032578813;2,211289
0,0007232334;0,00032458408;2,228185
0,0007310188;0,00032604855;2,242055
0,0007433243;0,00032460337;2,2899463
0,0007438538;0,00032533586;2,2864182
0,00074364094;0,00032666707;2,276449
0,0007406538;0,00033094655;2,237986
0,0007410294;0,00033219266;2,2307217
0,00073865545;0,00033814635;2,1844254
0,00074180565;0,00034346496;2,159771
0,0007456503;0,00034437954;2,1651993
0,00074346724;0,00034740422;2,140064
0,0007451667;0,0003477838;2,1426148
0,0007430495;0,00035031195;2,121108
0,00074017764;0,00035337452;2,0945983
0,0007345571;0,0003653963;2,0103025
0,00073276117;0,00037370465;1,9608029
0,00072754396;0,00037815684;1,9239212
0,00072761707;0,00038423022;1,8937007
0,00072340603;0,00038612078;1,8735226
0,00072186324;0,0003907183;1,8475286
0,0007156261;0,00039332977;1,819405
0,00071156427;0,00039758184;1,7897303
0,0007054627;0,00040172364;1,7560896
0,0007011266;0,00040978845;1,7109476
0,0006942363;0,0004106942;1,6903971
0,00068976893;0,0004132824;1,6690015
0,00068367796;0,0004160283;1,6433448
0,00067944376;0,00041657424;1,6310269
0,00067315216;0,00041583966;1,6187781
0,00066961977;0,00041376063;1,6183748
0,0006651269;0,00041333077;1,609188
0,0006598985;0,00041433945;1,5926518
0,00065390294;0,0004140596;1,5792483
0,00065041997;0,00041184513;1,5792829
0,00065035763;0,000408643;1,5915055
0,00065156614;0,00040689865;1,6012983
0,0006560928;0,00040691884;1,6123431
0,00065529736;0,00040878786;1,6030254
0,0006525474;0,0004113864;1,5862153
0,00064592576;0,00041089405;1,5720007
0,0006394669;0,0004185102;1,5279602
0,0006326793;0,00043086536;1,4683921
0,000625933;0,00043306558;1,4453539
0,0006188632;0,00043292058;1,4295075
0,00061244506;0,0004315484;1,4191805
0,0006207707;0,0004295009;1,4453303
0,0006180787;0,00043012356;1,4369794
0,00061191287;0,00043447377;1,4084
0,000606677;0,00043766206;1,3861767
0,0006008535;0,00044190633;1,3596853
0,00059404754;0,0004379071;1,3565607
0,00058715197;0,00043565728;1,3477383
0,00058060593;0,00043539164;1,3335257
0,00057398743;0,0004355759;1,3177668
0,0005672604;0,00043510032;1,3037462
0,00056068884;0,0004350328;1,2888427
0,0005541833;0,00043177058;1,2835134
0,00054777774;0,0004336912;1,2630594
0,0005415243;0,00043880453;1,2340901
0,0005361102;0,0004478468;1,1970838
0,00053003465;0,00045432564;1,1666404
0,00052534393;0,00046532365;1,1289861
0,00052513066;0,00046036564;1,1406817
0,000519894;0,00045743852;1,136533
0,0005147105;0,00045511132;1,1309551
0,0005113436;0,00045348844;1,127578
0,0005061174;0,0004514468;1,1211009
0,0005007239;0,00044947877;1,1140101
0,00049954216;0,0004444757;1,1238908
0,0005059315;0,0004399145;1,1500678
0,00052291545;0,00043593644;1,1995223
0,00055737497;0,00043272268;1,2880651
0,0005839678;0,0004310536;1,3547451
0,00059740816;0,00043387982;1,3768978
0,000591394;0,00043253886;1,3672622
0,0005846668;0,00042780186;1,3666766
0,0005814792;0,00042370058;1,3723824
0,00057829835;0,00042007878;1,3766426
0,000571699;0,0004176455;1,3688619
0,0005689958;0,00041636487;1,3665797
0,00056578004;0,0004145963;1,3646529
0,0005593381;0,00041623527;1,3438027
0,0005536923;0,00041203012;1,3438151
0,00054755085;0,00040900533;1,3387377
0,00054499536;0,00041331167;1,3186063
0,00054168387;0,0004303248;1,258779
0,00053545716;0,0004972846;1,0767621
0,00053296407;0,00052606437;1,0131156
0,00052961195;0,00055049744;0,9620607
0,00052714854;0,00054460025;0,967955
0,0005236527;0,00053829135;0,9728053
0,0005176721;0,00053267693;0,97183126
0,0005153618;0,00052722485;0,977499
0,0005118397;0,0005225594;0,97948617
0,0005094762;0,00051797484;0,9835925
0,0005058241;0,00051304954;0,9859167
0,00050308846;0,000507628;0,99105734
0,00049779314;0,00050193083;0,99175644
0,00049417757;0,00049612345;0,99607784
0,000493565;0,00049094314;1,0053405
0,000523049;0,00048577724;1,076726
0,0005620209;0,00048079249;1,168947
0,0006100896;0,00047550185;1,2830436
0,0006361102;0,0004703541;1,352407
0,00064685085;0,0004649795;1,3911384
0,0006437574;0,0004598674;1,3998761
0,00063841394;0,00045457194;1,4044288
0,0006328619;0,00044961515;1,4075636
0,00062708795;0,000444474;1,4108541
0,0006214386;0,00043969465;1,4133413
0,0006155562;0,000434671;1,4161428
0,00060850574;0,00043066824;1,4129338
0,0006019217;0,00042694737;1,4098264
0,0005950208;0,00042322167;1,4059318
0,0005885161;0,00041976548;1,4020118
0,00058174017;0,00041657893;1,3964704
0,0005753569;0,00041532895;1,3853041
0,0005687509;0,0004248615;1,3386737
0,00056251267;0,00044567633;1,2621552
0,0005560172;0,00048256197;1,1522193
0,0005498785;0,0005114658;1,0751032
0,00054351246;0,00053211773;1,0214139
0,00053746783;0,0005297672;1,0145359
0,00053127384;0,0005252087;1,011548
0,00052538904;0,00051972864;1,0108911
0,0005193273;0,0005171255;1,0042578
0,00051355123;0,00051392504;0,99927264
0,00050765934;0,0005107494;0,99394995
0,0005020161;0,0005066903;0,99077505
0,0004962237;0,0005035519;0,98544693
0,0004907161;0,00049775885;0,98585105
0,0004850815;0,0004937886;0,9823667
0,00048019894;0,0004905841;0,978831
0,0005159313;0,0004868017;1,0598388
0,00055768376;0,00048366326;1,1530414
0,0006537813;0,00047816258;1,3672782
0,00067610835;0,00047470458;1,4242718
0,00067975634;0,0004719583;1,4402889
0,00067311863;0,00046786803;1,4386934
0,00066627463;0,00046593056;1,429987
0,00065937726;0,00046059664;1,431572
0,0006523768;0,00045730977;1,4265534
0,0006455385;0,00045436661;1,4207437
0,00063830847;0,00044914882;1,4211514
0,0006309534;0,00044600767;1,4146694
0,00062398263;0,00044296187;1,4086599
0,00061725534;0,0004381905;1,4086461
0,0006106642;0,000434036;1,4069437
0,00060406537;0,00044079075;1,370413
0,000597311;0,00045415256;1,3152211
0,00059039803;0,00047030387;1,2553544
0,0005837982;0,00047642912;1,2253622
0,0005775117;0,00047691184;1,2109401
0,00057128933;0,0004735763;1,2063301
0,00056476705;0,00046828404;1,2060353
0,00055837975;0,00046315315;1,205605
0,00055213494;0,0004589253;1,2031041
0,0005459072;0,0004540428;1,2023253
0,00053984026;0,0004497083;1,2004231
0,00053389074;0,0004517418;1,1818494
0,00055734586;0,000453943;1,2277882
0,0005695026;0,00045125248;1,2620487
0,00058553077;0,0004481189;1,3066416
0,00058298657;0,0004429448;1,3161608
0,0005812575;0,00043779533;1,3276924
0,0005751193;0,00043269925;1,3291433
0,0005686915;0,0004276649;1,3297596
0,00056216493;0,0004226621;1,3300576
0,0005557768;0,0004177797;1,3303107
0,0005495125;0,00041299663;1,3305496
0,0005433468;0,00040882014;1,3290608
0,000537182;0,00040664323;1,3210154
0,00053101085;0,00040596773;1,3080125
0,0005248985;0,0004095558;1,2816288
0,0005189493;0,0004163452;1,2464399
0,0005131614;0,00041807548;1,2274373
0,0005072704;0,00041656813;1,217737
0,0005015411;0,00041190113;1,2176249
0,0004959525;0,0004071571;1,2180864
0,00049052254;0,0004025469;1,2185476
0,0004849587;0,0003979875;1,2185276
0,0004794261;0,00039355707;1,218187
0,00048570472;0,0003891401;1,2481487
0,0004981683;0,00038532572;1,2928498
0,0005122887;0,0003840976;1,3337462
0,00051156286;0,00039001452;1,3116508
0,00050914194;0,00041399818;1,2298169
0,00050458923;0,00042198034;1,1957648
0,000498813;0,00042208744;1,1817764
0,0004931028;0,00042060675;1,1723607
0,00048743867;0,00041600387;1,1717167
0,00048201391;0,00041145502;1,1714863
0,0004764911;0,0004069927;1,1707608
0,0004710362;0,0004023932;1,170587
0,0004657861;0,00039794558;1,1704769
0,00046045933;0,00039345113;1,1703088
0,00045532506;0,00038906673;1,1703007
0,0004501373;0,00038462438;1,1703296
0,0004450244;0,00038035968;1,1700094
0,00043993365;0,0003760387;1,1699159
0,0004349396;0,00037320176;1,1654276
0,00043034527;0,0003738036;1,1512604
0,0004588797;0,00038407795;1,1947566
0,00050393265;0,00038507822;1,3086501
0,00053850334;0,000383602;1,4038075
0,0005465242;0,00037923423;1,4411256
0,00054233347;0,00037486842;1,4467301
0,0005365419;0,0003705388;1,4480047
0,0005303103;0,00036622383;1,4480498
0,0005241404;0,00036196358;1,4480474
0,0005180322;0,0003577733;1,4479342
0,00051197625;0,000353612;1,4478475
0,0005060029;0,00034949082;1,447829
0,0005001094;0,00034540976;1,4478728
0,0004943029;0,0003413921;1,4479038
0,00048853515;0,00033743173;1,4478045
0,00048282224;0,00033353196;1,4476042
0,00047722727;0,00033007932;1,4457958
0,00047167778;0,0003279709;1,4381696
0,00046627718;0,00033521187;1,3909925
0,00046461378;0,000362506;1,281672
0,0004662321;0,00039688507;1,1747283
0,00047974114;0,00041785007;1,1481179
0,000480562;0,00041335906;1,1625776
0,0004768524;0,00040871295;1,1667172
0,00047135336;0,0004042128;1,166102
0,00046596627;0,00040009373;1,1646428
0,00046059059;0,00039597583;1,1631786
0,00045527008;0,00039164728;1,1624492
0,0004500255;0,00038722463;1,162182
0,00044481907;0,0003829389;1,1615928
0,0004396941;0,00037857797;1,1614361
0,0004346113;0,00037424493;1,1613019
0,0004296101;0,00037007366;1,1608773
0,0004247296;0,00036584158;1,1609659
0,00042454197;0,00036168323;1,173795
0,00042633576;0,00035756023;1,1923467
0,00043909557;0,0003543525;1,2391491
0,00047517644;0,0003526772;1,347341
0,00048305825;0,00035211857;1,3718624
0,00048099353;0,00036102315;1,3323066
0,00047540112;0,00036862033;1,2896769
0,00046988646;0,00037214608;1,2626399
0,00046446122;0,00036846456;1,2605315
0,0004590748;0,0003686862;1,245164
0,0004537583;0,00036695864;1,2365379
0,00044849404;0,00036397978;1,2321949
0,0004433158;0,0003603812;1,2301302
0,00043818043;0,00035629302;1,2298317
0,0004429526;0,00035239625;1,256973
0,00045833059;0,00034855414;1,3149481
0,0004675203;0,00034490676;1,3554976
0,00046913474;0,00034182283;1,37245
0,0004685767;0,00033808945;1,3859549
0,00046436262;0,00033432984;1,3889356
0,00045895186;0,00033068244;1,3878931
0,00045360424;0,0003271355;1,3865944
0,00044831078;0,0003240609;1,3834152
0,00044308472;0,00032145018;1,3783932
0,00043792417;0,0003194633;1,3708122
0,00043282096;0,00031938462;1,3551716
0,00042779464;0,00032567646;1,3135571
0,00042718483;0,0003374918;1,2657635
0,0004285907;0,00034437107;1,2445607
0,00044133828;0,00035293665;1,2504745
0,00044908893;0,00034986474;1,2836072
0,00044547135;0,00034631405;1,2863219
0,0004405335;0,00034356432;1,2822447
0,00043537756;0,00034262918;1,270696
0,00043028855;0,0003449331;1,2474551
0,00042527384;0,00034283573;1,2404596
0,00042030413;0,00033987343;1,236649
0,0004153969;0,000336054;1,2361016
0,0004105543;0,00033246411;1,2348831
0,0004069993;0,00032898167;1,2371489
0,00040577396;0,00032659454;1,2424395
0,0004043742;0,00032700168;1,2366121
0,000401462;0,00033502578;1,1983018
0,00039810568;0,00033125997;1,2017922
0,000393817;0,00032777086;1,2015009
0,00038925392;0,00032613313;1,1935431
0,00038470625;0,00032486653;1,1841979
0,00038022324;0,00032435887;1,1722301
0,00037578164;0,00032516863;1,1556516
0,0003714449;0,00033568754;1,1065198
0,00038643094;0,00033197063;1,1640515
0,0003903595;0,0003283016;1,1890271
0,00038806305;0,00034159402;1,1360359
0,00038454818;0,000351641;1,0935818
0,0003808087;0,00036352273;1,0475513
0,00037651282;0,00036593628;1,0289026
0,00037213002;0,00036633233;1,0158263
0,00036779366;0,00036269872;1,0140473
0,00036350175;0,0003584721;1,0140308
0,00035927093;0,00035448652;1,0134968
0,00035691806;0,00035091775;1,0170989
0,00035471778;0,00034731516;1,0213138
0,00035436256;0,0003443011;1,0292228
0,00037295345;0,00034148133;1,0921636
0,00039346592;0,00034080946;1,1545041
0,0003946853;0,0003368368;1,1717405
0,00039013848;0,00033290318;1,1719278
0,000385645;0,00033081492;1,1657424
0,00038117688;0,00033440045;1,1398815
0,0003856892;0,0003446746;1,1189952
0,00038939444;0,00034910048;1,1154222
0,00039928785;0,00034825678;1,1465329
0,00042007206;0,00034582027;1,214712
0,00043101644;0,0003417745;1,2611135
0,00043012135;0,00033778217;1,273369
0,00042507617;0,00033383284;1,2733204
0,00042009813;0,00033021555;1,2721937
0,00041517164;0,00032700694;1,2696111
0,00041242913;0,00032575056;1,2660888
0,0004096547;0,00032346888;1,2664424
0,00040681072;0,00032129043;1,2661775
0,00040538402;0,00031918395;1,270064
0,00040148027;0,00031544242;1,272753
0,00039715398;0,00031175415;1,2739333
0,00039251125;0,000308111;1,2739282
0,0003879292;0,00030774644;1,2605481
0,00038339075;0,0003164362;1,2115895
0,00038102275;0,0003323997;1,1462789
0,00038076311;0,00033963574;1,1210926
0,0003873451;0,00034195642;1,1327324
0,00040143591;0,00034478217;1,1643175
0,0004065177;0,00034081822;1,1927699
0,00040413463;0,00033692663;1,1994736
0,0003994137;0,00033316534;1,1988453
0,00039474684;0,0003337094;1,1829059
0,00039459637;0,00034810655;1,1335505
0,00039161197;0,00036068648;1,0857407
0,0003884719;0,00035927616;1,0812627
0,00038460564;0,00035661773;1,0784816
0,00038090764;0,00035383485;1,0765125
0,00037671815;0,00034975578;1,0770892
0,00037232827;0,00034583439;1,0766085
0,00036881657;0,00034191317;1,0786849
0,00036572642;0,00033820214;1,0813841
0,000364182;0,0003345506;1,0885707
0,00036700157;0,00033124286;1,1079532
0,0003785575;0,00032845634;1,1525352
0,00039812856;0,00032638086;1,2198281
0,00039352625;0,00032816772;1,199162
0,0003890187;0,00033719526;1,1536897
0,00040705694;0,0003334189;1,2208575
0,00040956165;0,0003301891;1,2403852
0,00040996127;0,00032738052;1,252247
0,0004093243;0,0003238803;1,2638136
0,00040823506;0,0003209399;1,2719985
0,00040397895;0,0003176629;1,2717222
0,0003993048;0,00031496736;1,2677656
0,00041570506;0,0003127597;1,3291516
0,0004183678;0,00031108537;1,3448648
0,00041606286;0,00030966994;1,3435688
0,00041193253;0,00030871527;1,3343445
0,00040761696;0,00030529682;1,3351496
0,0004028521;0,00030232678;1,3325056
0,00039996425;0,00029960624;1,3349663
0,00039925877;0,00029619076;1,3479785
0,00040810285;0,000293132;1,3922153
0,00040995952;0,00029140367;1,406844
0,0004079415;0,00028837542;1,4146194
0,00040416853;0,00028718266;1,407357
0,00040166;0,00029107012;1,3799424
0,00040053047;0,0002947473;1,3588945
0,00040502448;0,00029446918;1,3754393
0,00041753333;0,00029368303;1,4217142
0,00043518748;0,00029033024;1,4989395
0,00043428203;0,00028805085;1,5076575
0,00043351308;0,00028762553;1,5072135
0,00043157852;0,0002861549;1,508199
0,00042868362;0,00028460062;1,5062639
0,00042441217;0,000283674;1,4961265
0,0004199397;0,0002809657;1,4946297
0,000415247;0,00027838018;1,4916543
0,0004109984;0,00027693677;1,4840875
0,0004096437;0,00027629107;1,4826527
0,00040634477;0,00027674838;1,4682823
0,00040232192;0,00027895224;1,442261
0,00039811787;0,000279636;1,4237003
0,00039375311;0,0002779085;1,4168445
0,0003917701;0,00027542922;1,4223984
0,00039304787;0,00027338509;1,4377078
0,0004012077;0,00027080756;1,4815233
0,00042185537;0,00026802553;1,5739373
0,00042046132;0,00026629618;1,5789236
0,00041830132;0,00026707648;1,566223
0,00041565587;0,00026907536;1,5447563
0,0004124257;0,00027018494;1,526457
0,0004086427;0,00027590254;1,4811125
0,00040476507;0,00027832057;1,4543124
0,0004003125;0,00027849956;1,4373901
0,00039583218;0,0002768056;1,4300007
0,00039157;0,0002749891;1,4239473
0,00038727006;0,00027227838;1,4223313
0,00038288822;0,00026993742;1,4184333
0,00037860594;0,0002678024;1,4137511
0,00037470763;0,00026688047;1,4040279
0,00037131208;0,0002653969;1,3990822
0,00036833764;0,00026409174;1,3947337
0,00036662925;0,00026209542;1,3988389
0,00037366265;0,00026045475;1,4346548
0,00038325362;0,00025878998;1,4809446
0,00038518463;0,0002588516;1,488052
0,00038367114;0,00026021161;1,4744582
0,00038040473;0,00026442343;1,4386196
0,0003780293;0,00026452582;1,4290829
0,0003756354;0,00026395734;1,4230913
0,00037430375;0,00026216832;1,427723
0,00037285956;0,00026022867;1,4328151
0,00037405008;0,00025810703;1,4492053
0,00037243954;0,0002565999;1,4514408
0,00037055885;0,00025437432;1,4567463
0,00036732733;0,00025368188;1,4479841
0,00036357774;0,00025213172;1,442015
0,0003607058;0,00025172965;1,4329095
0,00035805305;0,00025002376;1,4320761
0,00035709434;0,0002481853;1,4388214
0,0003547243;0,00024571613;1,4436345
0,0003535056;0,00024371374;1,4504951
0,00035035782;0,00024280055;1,4429861
0,0003481912;0,00024212325;1,4380742
0,0003453003;0,00024361012;1,41743
0,00034271035;0,00024305722;1,4099987
0,00034033615;0,0002426169;1,4027718
0,00033953105;0,00024137339;1,4066632
0,00033937665;0,0002401774;1,4130249
0,00034480542;0,00023834221;1,4466821
0,00034650028;0,00023788642;1,4565787
0,00034654135;0,00023998774;1,4439961
0,00034432346;0,00024766967;1,3902528
0,00034220278;0,00025325402;1,3512235
0,00033966944;0,00025228222;1,3463868
0,0003381386;0,00025042708;1,3502477
0,00033643554;0,0002483961;1,3544316
0,0003355538;0,00024605653;1,3637265
0,00033305204;0,00024345916;1,3679997
0,0003303381;0,00024089946;1,3712696
0,00032717947;0,00023850906;1,3717695
0,00032480646;0,00023623092;1,3749533
0,00032235825;0,00023380018;1,3787767
0,00032097852;0,0002314153;1,3870238
0,0003188769;0,00022958609;1,3889208
0,000326165;0,00022782845;1,4316254
0,00032819266;0,00022664286;1,4480609
0,0003323201;0,00022597595;1,4705994
0,00033460482;0,00022537338;1,4846687
0,0003329325;0,00022517188;1,4785706
0,00032965103;0,00023818578;1,384008
0,00032680423;0,00024329581;1,3432382
0,00032494642;0,00024448952;1,3290812
0,00032244404;0,00024371239;1,3230515
0,0003213474;0,0002411885;1,3323497
0,0003207889;0,00023924737;1,3408252
0,00031841677;0,00023748532;1,340785
0,00031509227;0,00023598848;1,3352019
0,00031295826;0,00023557816;1,3284689
0,0003103169;0,00023356517;1,3286095
0,0003073902;0,00023181898;1,3259923
0,0003050152;0,00023042147;1,3237273
0,00030640457;0,00022901024;1,3379514
0,00030661764;0,00022824317;1,3433815
0,00030714157;0,00022743833;1,350439
0,00031009872;0,0002278615;1,3609089
0,0003090125;0,00022838975;1,3530052
0,00030556286;0,00023521185;1,2990963
0,0003045316;0,00024085023;1,2644024
0,00030285123;0,00024274265;1,2476226
0,00029968043;0,00024171761;1,2397956
0,00030162418;0,0002409293;1,2519199
0,00030221156;0,00023928983;1,262952
0,00029942216;0,0002383644;1,256153
0,00030092156;0,00023875482;1,260379
0,00029863068;0,00024149563;1,2365884
0,00029539314;0,00024085365;1,2264425
0,00029460076;0,00023975079;1,2287791
0,00029319013;0,00023824522;1,2306234
0,00029042075;0,00023773806;1,2215997
0,000294534;0,00023630226;1,246429
0,00029256032;0,00023533455;1,2431678
0,00028992564;0,00023540061;1,2316265
0,00028858444;0,00023829768;1,211025
0,00028642485;0,00023626284;1,2123144
0,00028432786;0,00023493626;1,210234
0,00028503558;0,00023404276;1,2178782
0,0002833982;0,00023314563;1,2155415
0,00028577753;0,00023285692;1,2272666
0,00028629508;0,00023213826;1,2332956
0,00028377428;0,00023478616;1,20865
0,00028549353;0,0002330922;1,2248094
0,00028380216;0,00023438557;1,2108346
0,00028272092;0,00023589189;1,1985191
0,0002827398;0,00023921242;1,1819613
0,00028033266;0,00023924842;1,1717222
0,00027888946;0,0002380646;1,1714865
0,0002783639;0,00023701528;1,1744555
0,0002763606;0,00023525229;1,1747414
0,00027507864;0,0002344366;1,1733605
0,00027249838;0,00023253157;1,1718769
0,00027046347;0,00023289715;1,1613001
0,00026935176;0,000230573;1,1681843
0,00026737363;0,00023084575;1,1582351
0,00026662712;0,00022870065;1,1658345
0,00026459672;0,00022941775;1,1533402
0,00026482446;0,00022706334;1,1663021
0,00026539707;0,00022855483;1,1611966
0,00026377555;0,00022666408;1,163729
0,0002622082;0,00022937839;1,143125
0,000260004;0,00022747282;1,1430112
0,00025770187;0,00022846699;1,127961
0,00025628423;0,00022629208;1,1325374
0,00025541996;0,00022543805;1,132994
0,00025584668;0,00022399916;1,142177
0,0002559571;0,00022291634;1,1482204
0,00025574033;0,0002214957;1,1546063
0,00025439836;0,00022091028;1,1515913
0,00025212325;0,0002207928;1,1418998
0,00025115476;0,0002201272;1,140953
0,00024916514;0,00021948686;1,1352167
0,00024870646;0,00021766203;1,1426268
0,00024824438;0,00021666856;1,1457332
0,00024849284;0,00021468567;1,1574728
0,00024815375;0,00021346909;1,162481
0,00024677117;0,00021314702;1,157751
0,00024585446;0,00021308189;1,1538028
0,00024451967;0,00021326075;1,146576
0,00024395075;0,00021246087;1,1482149
0,00024168007;0,00021124301;1,1440855
0,00024339651;0,00020939865;1,1623595
0,00024112675;0,00020771539;1,1608516
0,0002450716;0,00020653404;1,1865919
0,00024315689;0,00020536552;1,18402
0,00024581765;0,00020584113;1,1942105
0,00024338413;0,00020601349;1,181399
0,00024485396;0,00020454403;1,1970721
0,00024264422;0,00020402818;1,1892681
0,00024376661;0,00020267807;1,2027282
0,00024141623;0,0002019735;1,1952866
0,0002428185;0,00020059047;1,2105186
0,00024112985;0,00019885291;1,212604
0,00024105783;0,00019808227;1,2169582
0,00023958547;0,00019684919;1,2171017
0,00023913782;0,00019667632;1,2158953
0,00023830685;0,00019588528;1,2165633
0,00023857743;0,0001945542;1,2262775
0,00024211446;0,00019478798;1,242964
0,00024114168;0,00019455432;1,2394568
0,00024451868;0,00019368503;1,2624552
0,00024328889;0,00019484136;1,2486511
0,00024343569;0,0001934249;1,258554
0,00024190791;0,00019388142;1,2477106
0,00024160657;0,00019547976;1,2359672
0,0002405785;0,00019477715;1,2351475
0,00023969752;0,00019523052;1,2277666
0,00023919695;0,00019413189;1,2321362
0,00023770696;0,00019291628;1,2321768
0,0002365224;0,00019218966;1,2306719
0,00023565376;0,000190968;1,233996
0,00023505655;0,00019012262;1,2363418
0,0002345146;0,00019237312;1,2190613
0,00023596348;0,00019119035;1,2341809
0,00023580044;0,00019051146;1,2377231
0,00023545831;0,00019008957;1,2386703
0,0002347434;0,00018850458;1,2452929
0,00023472434;0,00018758496;1,2512962
0,0002341973;0,00018863325;1,2415484
0,00023356309;0,00018767017;1,2445402
0,0002327582;0,00018805449;1,2377168
0,00023299296;0,00018887014;1,2336146
0,0002314285;0,00018766768;1,2331824
0,00023164383;0,00018752903;1,2352425
0,00023285624;0,00018744613;1,2422569
0,00023078048;0,00018694303;1,2344964
0,00023205097;0,0001870191;1,2407875
0,0002328304;0,00018824806;1,2368276
0,00023147446;0,00018850845;1,2279263
0,00023163205;0,00018919224;1,224321
0,00023194122;0,00019011508;1,2200043
0,00023284796;0,00018969008;1,2275178
0,00023319402;0,0001891372;1,2329358
0,00023205002;0,00018872404;1,2295732
0,00023156313;0,00018872818;1,2269664
0,00023078597;0,0001883346;1,225404
0,00023074748;0,00018805667;1,2270104
0,00023067326;0,00018826702;1,2252452
0,00022870903;0,0001891228;1,209315
0,00022880954;0,00018911838;1,2098747
0,00022920828;0,0001892891;1,2108899
0,00022822332;0,00018913926;1,2066417
0,00022770152;0,0001888711;1,2055922
0,00022655608;0,00018902254;1,1985664
0,00022588232;0,00018949404;1,1920286
0,00022700593;0,00019011134;1,1940683
0,00022744115;0,00019063965;1,1930423
0,00022669908;0,00019271144;1,1763655
0,00022638298;0,00019307135;1,1725353
0,00022514601;0,00019246887;1,1697788
0,00022437851;0,00019215768;1,1676792
0,00022446668;0,00019203676;1,1688734
0,00022447543;0,00019209571;1,1685603
0,00022412863;0,0001916945;1,169197
0,00022342516;0,00019132208;1,167796
0,00022362734;0,00019083354;1,1718451
0,00022411105;0,000190793;1,1746293
0,00022327946;0,00019022399;1,1737714
0,00022234229;0,00018977621;1,1716025
0,0002229132;0,00018938138;1,1770598
0,0002233655;0,00018886071;1,1826997
0,00022280545;0,00018889942;1,1794926
0,00022281517;0,00018912002;1,178168
0,00022212026;0,00018907317;1,1747847
0,00022164291;0,00018868785;1,1746539
0,00022129381;0,00018822741;1,1756727
0,00022153839;0,00018731366;1,1827134
0,00022152963;0,00018678009;1,1860452
0,0002207326;0,00018627093;1,1850083
0,00022032895;0,00018579826;1,1858505
0,00021974911;0,00018525998;1,1861662
0,00022099947;0,00018462089;1,1970447
0,00022089186;0,00018400072;1,2004945
0,00022033324;0,00018403362;1,1972445
0,0002205323;0,00018347021;1,202006
0,00021990917;0,0001832695;1,1999223
0,00021928064;0,00018412125;1,1909578
0,00021879896;0,00018353731;1,1921225
0,00021841073;0,00018310339;1,1928273
0,00021799417;0,00018237134;1,1953313
0,00021755895;0,00018226495;1,1936412
0,00021665421;0,00018235383;1,188098
0,00021632796;0,00018199084;1,188675
0,00021609002;0,00018154696;1,1902707
0,00021615888;0,00018094455;1,1946139
0,00021664641;0,00018087156;1,1977915
0,00021693422;0,00018037859;1,2026606
0,00021656703;0,00018064461;1,1988568
0,00021637388;0,00018097907;1,195574
0,0002161458;0,00018023296;1,1992579
0,00021571518;0,00017955193;1,2014083
0,00021602056;0,00017985079;1,2011099
0,00021565269;0,000179939;1,1984767
0,00021559662;0,00017943574;1,2015256
0,00021553945;0,00017917434;1,2029593
0,00021620299;0,0001791499;1,2068273
0,00021653708;0,00017912812;1,208839
0,0002166251;0,0001786786;1,212373
0,00021615473;0,00017804047;1,2140764
0,00021722467;0,00017787961;1,2211893
0,00021917507;0,00017740576;1,235445
0,00021966803;0,000177717;1,2360553
0,00021978865;0,00017851469;1,2312076
0,00022001045;0,00017813608;1,2350696
0,00022063495;0,00017750729;1,2429627
0,00022102872;0,00017733334;1,2464025
0,0002215429;0,00017689339;1,2524091
0,00022231623;0,00017748491;1,2525923
0,00022303313;0,00017763991;1,255535
0,00022476124;0,00017660801;1,272656
0,00022515298;0,00017672392;1,274038
0,00022541122;0,00017692785;1,274029
0,00022592048;0,00017662534;1,2790943
0,00022668479;0,00017648017;1,2844774
0,00022696178;0,00017601966;1,2894115
0,00022718539;0,00017646911;1,2873946
0,00022742827;0,00017724403;1,2831365
0,00022818119;0,00017737217;1,2864543
0,00022911992;0,00017750665;1,2907681
0,0002289119;0,00017709586;1,2925875
0,0002289758;0,00017787263;1,287302
0,0002294396;0,00017849663;1,2854002
0,000230555;0,00017789713;1,2960018
0,00023066773;0,00017823704;1,2941628
0,0002312729;0,00017813448;1,2983052
0,00023075094;0,00017744827;1,3003843
0,00023017186;0,00017753932;1,2964557
0,00022983461;0,0001774504;1,2952048
0,00022973094;0,00017706571;1,2974333
0,00023007169;0,00017646408;1,3037877
0,00022956687;0,00017608216;1,3037486
0,00022849644;0,0001755588;1,301538
0,00022756087;0,00017548498;1,2967541
0,0002267971;0,00017534029;1,2934682
0,00022672818;0,00017564413;1,2908384
0,00022640445;0,00017542824;1,2905815
0,00022610974;0,00017483083;1,2933059
0,00022586738;0,00017414459;1,2970107
0,00022492623;0,00017368341;1,2950358
0,00022394673;0,00017303838;1,2942027
0,00022349706;0,0001732215;1,2902385
0,00022281801;0,00017303394;1,2877127
0,00022319956;0,0001726148;1,2930499
0,00022306172;0,0001723265;1,2944133
0,0002225699;0,00017155873;1,2973394
0,00022207446;0,00017153267;1,2946483
0,0002211338;0,00017252156;1,2817749
0,00022095263;0,00017299328;1,2772324
0,00022267862;0,00017319519;1,285709
0,00022259935;0,00017355212;1,282608
0,00022300909;0,00017357209;1,2848212
0,00022283367;0,00017333002;1,2856034
0,00022275465;0,00017306904;1,2870855
0,00022246377;0,0001725563;1,2892243
0,00022208612;0,00017230143;1,2889395
0,00022147736;0,00017244487;1,2843372
0,00022106721;0,0001729864;1,2779456
0,00022138537;0,00017288075;1,2805669
0,00022195614;0,0001732352;1,2812417
0,00022194954;0,00017331743;1,2805955
0,00022230318;0,00017423127;1,2759086
0,0002225069;0,00017540478;1,2685338
0,00022360648;0,00017632674;1,2681371
0,00022523875;0,0001779772;1,2655483
0,00022630609;0,00017857403;1,2672956
0,00022850113;0,00017848068;1,280257
0,00022912325;0,0001791529;1,2789257
0,00022902027;0,00017904108;1,2791493
0,0002298201;0,00017896677;1,2841495
0,00022967726;0,00017884832;1,2842014
0,00022955476;0,00017868627;1,2846805
0,00022938357;0,00017896196;1,2817448
0,00022915262;0,00017877504;1,2817931
0,00022947832;0,00017912334;1,281119
0,000229211;0,00017924244;1,2787764
0,00022962443;0,00017921624;1,2812703
0,00022973843;0,00017955367;1,2794973
0,0002296735;0,0001795199;1,2793763
0,0002300683;0,00017969984;1,2802922
0,00022999504;0,00017970742;1,2798306
0,00023019795;0,00018002931;1,2786694
0,00023018674;0,00018044608;1,2756538
0,00023058127;0,00018044302;1,277862
0,00023110496;0,00018019821;1,2825042
0,0002311004;0,00018021202;1,2823806
0,00023079591;0,00018076693;1,2767595
0,00023083566;0,00018066388;1,2777079
0,00023158589;0,0001809392;1,27991
0,00023150032;0,00018118466;1,2777038
0,00023192388;0,00018113838;1,2803686
0,00023232789;0,00018114223;1,2825717
0,00023236372;0,00018063221;1,2863914
0,00023248376;0,00018070194;1,2865592
0,00023193474;0,00018022615;1,2869095
0,00023218643;0,00018024512;1,2881705
0,0002317174;0,0001802181;1,2857609
0,0002319483;0,00017994468;1,2889979
0,00023214039;0,00017937778;1,2941424
0,00023201121;0,00017873016;1,2981089
0,00023148907;0,00017817337;1,299235
0,0002308718;0,00017766096;1,2995077
0,00023040656;0,00017686088;1,302756
0,00023002975;0,00017616367;1,3057729
0,00022925026;0,0001758732;1,3034974
0,0002286469;0,00017519684;1,3050858
0,00022868974;0,00017433762;1,3117635
0,00022816706;0,00017340256;1,315823
0,00022738207;0,00017244207;1,3185997
0,00022649868;0,00017169297;1,3192077
0,00022559482;0,00017066931;1,3218242
0,00022506289;0,00016977603;1,3256458
0,00022409712;0,00016907157;1,3254571
0,00022337603;0,0001681461;1,3284639
0,00022301172;0,00016723428;1,3335288
0,00022228704;0,00016612881;1,3380402
0,00022161462;0,00016499884;1,3431283
0,00022061066;0,00016382642;1,3466122
0,00021958178;0,00016280114;1,348773
0,00021849123;0,0001614893;1,3529766
0,00021771129;0,00016027497;1,3583611
0,00021637786;0,00015896694;1,36115
0,0002152611;0,00015765755;1,3653713
0,00021396176;0,00015633943;1,3685719
0,00021267457;0,00015495818;1,3724643
0,00021138173;0,00015382459;1,3741739
0,0002099552;0,0001524605;1,377112
0,0002091264;0,00015111867;1,3838555
0,00020775883;0,0001498293;1,3866369
0,00020645693;0,00014857046;1,389623
0,00020530286;0,00014720803;1,3946444
0,00020424568;0,00014579014;1,4009567
0,00020291621;0,00014450298;1,4042355
0,00020143365;0,00014315528;1,407099
0,00020034052;0,00014174484;1,4133885
0,00019907458;0,00014039935;1,4179167
0,00019761232;0,00013901334;1,4215349
0,0001963638;0,00013770173;1,4260082
0,0001949781;0,00013631218;1,4303792
0,00019385779;0,00013492764;1,4367537
0,00019244962;0,00013357252;1,4407874
0,00019105176;0,0001322163;1,444994
0,00018976636;0,0001308885;1,4498322
0,00018846818;0,00012948253;1,4555491
0,00018728842;0,0001281254;1,4617587
0,00018572668;0,00012674677;1,4653366
0,00018438061;0,00012539145;1,47044
0,00018289777;0,00012402213;1,4747188
0,00018151215;0,00012265792;1,4798242
0,0001800097;0,000121323494;1,4837167
0,0001784949;0,000119983255;1,487665
0,0001771297;0,00011865033;1,4928715
0,00017567536;0,00011735129;1,4970042
0,00017421691;0,00011605077;1,501213
0,00017297198;0,000114691364;1,5081518
0,00017165391;0,00011334241;1,5144721
0,00016969178;0,00011200925;1,5149801
0,00016769915;0,00011069149;1,5150139
0,00016572933;0,000109389235;1,5150424
0,00016377958;0,0001081023;1,5150425
0,00016185276;0,000106830514;1,5150424
0,00015994861;0,00010557369;1,5150424
0,00015806686;0,000104331644;1,5150424
0,00015620726;0,00010310421;1,5150424
0,00015436953;0,00010189122;1,5150424
0,0001525534;0,0001006925;1,5150423
0,00015075866;9,950788E-05;1,5150424
0,00014898503;9,83372E-05;1,5150423
0,00014723228;9,718029E-05;1,5150427
0,00014550013;9,603699E-05;1,5150427
0,00014378836;9,490714E-05;1,5150427
0,00014209673;9,379058E-05;1,5150427
0,000140425;9,2687165E-05;1,5150427
0,00013877294;9,1596725E-05;1,5150427
0,00013714033;9,051912E-05;1,5150428
0,00013552692;8,945419E-05;1,5150428
0,00013393248;8,840179E-05;1,5150425
0,0001323568;8,736177E-05;1,5150425
0,00013079967;8,633399E-05;1,5150427
0,00012926085;8,5318294E-05;1,5150427
0,00012774013;8,4314546E-05;1,5150427
0,0001262373;8,332261E-05;1,5150425
0,00012475216;8,234234E-05;1,5150427
0,00012328448;8,137361E-05;1,5150425
0,00012183408;8,041628E-05;1,5150425
0,000120400735;7,94702E-05;1,5150425
0,00011898426;7,853525E-05;1,5150427
0,00011758445;7,7611316E-05;1,5150427
0,0001162011;7,669824E-05;1,5150427
0,00011483404;7,5795906E-05;1,5150428
0,000113483045;7,4904194E-05;1,5150427
0,00011214796;7,4022966E-05;1,5150428
0,00011082857;7,315211E-05;1,5150428
0,000109524706;7,229149E-05;1,5150428
0,000108236185;7,1441005E-05;1,5150429
0,00010696281;7,060052E-05;1,5150428
0,000105704436;6,976993E-05;1,5150429
0,00010446085;6,8949106E-05;1,5150429
0,000103231905;6,8137946E-05;1,5150428
0,00010201742;6,733632E-05;1,515043
0,00010081721;6,6544126E-05;1,515043
9,963113E-05;6,5761255E-05;1,515043
9,845899E-05;6,4987595E-05;1,5150429
9,7300646E-05;6,422304E-05;1,5150428
9,6155934E-05;6,346747E-05;1,5150428
9,502468E-05;6,272079E-05;1,5150428
9,390675E-05;6,19829E-05;1,5150428
9,280196E-05;6,12537E-05;1,5150425
9,1710164E-05;6,0533064E-05;1,5150425
9,063123E-05;5,9820908E-05;1,5150427
8,956497E-05;5,9117137E-05;1,5150424
8,851127E-05;5,842164E-05;1,5150425
8,746996E-05;5,7734323E-05;1,5150427
8,64409E-05;5,7055095E-05;1,5150427
8,5423955E-05;5,638386E-05;1,5150428
8,441896E-05;5,572052E-05;1,5150427
8,34258E-05;5,5064986E-05;1,5150427
8,244432E-05;5,441716E-05;1,5150427
8,147438E-05;5,377696E-05;1,5150425
8,051586E-05;5,314429E-05;1,5150427
7,956862E-05;5,2519066E-05;1,5150425
7,863252E-05;5,1901192E-05;1,5150427
7,770743E-05;5,129059E-05;1,5150427
7,679323E-05;5,068717E-05;1,5150428
7,588978E-05;5,009085E-05;1,5150428
7,4996955E-05;4,950155E-05;1,5150427
7,4114636E-05;4,8919177E-05;1,5150425
7,32427E-05;4,8343656E-05;1,5150427
7,238102E-05;4,777491E-05;1,5150427
7,152948E-05;4,721285E-05;1,5150427
7,068796E-05;4,6657406E-05;1,5150427
6,985634E-05;4,6108493E-05;1,5150428
6,90345E-05;4,556604E-05;1,5150427
6,822233E-05;4,502997E-05;1,5150428
6,7419714E-05;4,4500204E-05;1,5150428
6,662654E-05;4,3976674E-05;1,5150428
6,58427E-05;4,3459302E-05;1,5150428
6,506808E-05;4,2948017E-05;1,5150428
6,430258E-05;4,244275E-05;1,5150427
6,3546075E-05;4,1943422E-05;1,5150427
6,279847E-05;4,144997E-05;1,5150425
6,205967E-05;4,096232E-05;1,5150428
6,1329556E-05;4,0480412E-05;1,5150428
6,060803E-05;4,000417E-05;1,5150427
5,9894992E-05;3,9533534E-05;1,5150427
5,9190344E-05;3,9068433E-05;1,5150427
5,8493988E-05;3,8608803E-05;1,5150428
5,7805824E-05;3,8154583E-05;1,5150428
5,7125755E-05;3,7705704E-05;1,5150428
5,6453686E-05;3,7262107E-05;1,5150428
5,5789526E-05;3,6823727E-05;1,5150429
5,513318E-05;3,6390506E-05;1,515043
5,448455E-05;3,5962385E-05;1,5150428
5,3843556E-05;3,55393E-05;1,5150428
5,32101E-05;3,512119E-05;1,5150427
5,25841E-05;3,4708E-05;1,5150427
5,1965464E-05;3,429967E-05;1,5150428