1;256,5;-1;-1;0;0;0;0
1,0033902;512,17334;-1;-1;0;0,0067919493;0;0,0067919493
1,006792;512,3467;-1;-1;1;0,013630033;1;0,013630033
1,0102053;512,52014;-1;-1;0;0,020514607;1;0,020514607
1,01363;512,6936;-1;-1;1;0,027445912;0;0,027445912
1,0170665;512,8672;-1;-1;0;0,034424305;1;0,034424305
1,0205146;513;-1;-1;0;0,041450143;0;0,041450143
1,0239744;513,2144;-1;-1;0;0,048523664;0;0,048523664
1,0274459;513,3882;-1;-1;1;0,055645227;1;0,055645227
1,0309292;513,56195;-1;-1;0;0,06281507;0;0,06281507
1,0344243;513,7358;-1;-1;0;0,07003367;0;0,07003367
1,0379313;513,9097;-1;-1;0;0,07730138;0;0,07730138
1,0414501;514;-1;-1;0;0,08461833;1;0,08461833
1,0449809;514,2577;-1;-1;0;0,09198511;0;0,09198511
1,0485237;514,43176;-1;-1;0;0,09940183;0;0,09940183
1,0520784;514,6059;-1;-1;0;0,10686886;0;0,10686886
1,0556452;514,7801;-1;-1;1;0,1143868;0;0,1143868
1,0592241;514,95435;1;-1;0;0,12195563;0;0,12195563
1,0628151;515;1;-1;0;0,12957597;1;0,12957597
1,0664183;515,30304;1;-1;0;0,13724804;0;0,13724804
1,0700337;515,4775;1;-1;0;0,14497209;0;0,14497209
1,0736613;515,652;1;-1;0;0,15274882;0;0,15274882
1,0773014;515,82654;1;-1;0;0,16057825;0;0,16057825
1,0809537;516;1;-1;0;0,16846085;0;0,16846085
1,0846183;516,17584;1;-1;0;0,17639697;0;0,17639697
1,0882955;516,3505;1;-1;0;0,18438709;0;0,18438709
1,0919851;516,5253;1;-1;0;0,19243133;0;0,19243133
1,0956872;516,7002;1;-1;0;0,20053029;1;0,20053029
1,0994018;516,8751;1;-1;0;0,20868433;0;0,20868433
1,103129;517;1;-1;0;0,21689367;0;0,21689367
1,1068689;517,2251;1;-1;0;0,22515881;0;0,22515881
1,1106215;517,40015;1;-1;0;0,2334801;0;0,2334801
1,1143868;517,5753;-1;-1;1;0,24185777;0;0,24185777
1,1181648;517,7505;-1;-1;0;0,25029254;0;0,25029254
1,1219556;517,9258;-1;-1;0;0,2587844;0;0,2587844
1,1257594;518;-1;-1;0;0,2673341;0;0,2673341
1,129576;518,2765;-1;-1;0;0,27594173;0;0,27594173
1,1334054;518,4519;-1;-1;0;0,2846079;0;0,2846079
1,137248;518,62744;-1;-1;0;0,29333293;0;0,29333293
1,1411035;518,803;-1;-1;0;0,30211723;0;0,30211723
1,1449721;518,9786;-1;-1;0;0,31096125;0;0,31096125
1,1488539;519;-1;-1;0;0,31986523;1;0,31986523
1,1527488;519,33;-1;-1;0;0,32882977;0;0,32882977
1,1566569;519,5058;-1;-1;0;0,3378551;0;0,3378551
1,1605783;519,6817;-1;-1;0;0,34694183;0;0,34694183
1,1645129;519,8576;-1;-1;0;0,3560902;0;0,3560902
1,1684608;520;-1;-1;0;0,36530077;0;0,36530077
1,1724222;520,2096;-1;-1;0;0,37457383;0;0,37457383
1,176397;520,3857;-1;-1;0;0,38390994;0;0,38390994
1,1803852;520,5618;1;-1;0;0,39330935;0;0,39330935
1,1843871;520,73804;1;-1;0;0,40277267;0;0,40277267
1,1884024;520,91437;1;-1;0;0,41230035;0;0,41230035
1,1924313;521;1;-1;0;0,42189264;0;0,42189264
1,196474;521,2671;1;-1;0;0,43155003;0;0,43155003
1,2005303;521,44354;1;-1;0;0,4412731;0;0,4412731
1,2046005;521,62006;1;-1;0;0,4510622;0;0,4510622
1,2086843;521,79663;1;-1;0;0,46091783;0;0,46091783
1,212782;521,97327;1;-1;0;0,47084033;0;0,47084033
1,2168937;522;1;-1;0;0,4808302;0;0,4808302
1,2210193;522,32666;1;-1;0;0,490888;0;0,490888
1,2251588;522,5035;1;-1;0;0,5010141;0;0,5010141
1,2293124;522,68036;1;-1;0;0,5112089;0;0,5112089
1,2334801;522,8573;1;-1;0;0,52147305;1;0,52147305
1,2376618;523;1;-1;0;0,5318068;0;0,5318068
1,2418578;523,21136;-1;-1;1;0,5422108;0;0,5422108
1,246068;523,3884;-1;-1;0;0,5526855;0;0,5526855
1,2502925;523,5656;-1;-1;0;0,56323135;0;0,56323135
1,2545313;523,74286;-1;-1;0;0,5738487;0;0,5738487
1,2587844;523,92017;-1;-1;0;0,5845382;0;0,5845382
1,263052;524;-1;-1;0;0,59530044;0;0,59530044
1,2673341;524,2749;-1;-1;0;0,6061356;0;0,6061356
1,2716306;524,4524;-1;-1;0;0,61704445;0;0,61704445
1,2759417;524,6299;-1;-1;0;0,62802744;0;0,62802744
1,2802675;524,8075;-1;-1;0;0,63908494;0;0,63908494
1,2846079;524,98517;-1;-1;0;0,65021753;0;0,65021753
1,2889631;525;-1;-1;0;0,6614258;0;0,6614258
1,2933329;525,34064;-1;-1;0;0,6727102;0;0,6727102
1,2977177;525,5185;-1;-1;0;0,6840712;0;0,6840712
1,3021172;525,69635;-1;-1;0;0,6955093;0;0,6955093
1,3065318;525,8743;-1;-1;0;0,7070252;0;0,7070252
1,3109612;526;-1;-1;0;0,71861935;0;0,71861935
1,3154057;526,2304;1;-1;0;0,7302921;0;0,7302921
1,3198652;526,4085;1;-1;0;0,7420442;0;0,7420442
1,3243399;526,58673;1;-1;0;0,7538761;0;0,7538761
1,3288298;526,76495;1;-1;0;0,76578844;0;0,76578844
1,3333348;526,9433;1;-1;0;0,7777816;0;0,7777816
1,3378551;527;1;-1;0;0,7898563;0;0,7898563
1,3423908;527,3001;1;-1;0;0,8020129;0;0,8020129
1,3469418;527,4786;1;-1;0;0,81425214;0;0,81425214
1,3515083;527,65717;1;-1;0;0,82657456;0;0,82657456
1,3560902;527,83575;1;-1;0;0,83898056;0;0,83898056
1,3606876;528;1;-1;0;0,85147095;0;0,85147095
1,3653008;528,1932;1;-1;0;0,8640461;0;0,8640461
1,3699294;528,372;1;-1;0;0,8767066;1;0,8767066
1,3745738;528,55084;1;-1;0;0,8894532;0;0,8894532
1,379234;528,72974;1;-1;0;0,9022863;0;0,9022863
1,38391;528,90875;-1;-1;0;0,91520655;0;0,91520655
1,3886017;529;-1;-1;0;0,92821455;0;0,92821455
1,3933094;529,2669;-1;-1;0;0,941311;0;0,941311
1,398033;529,44604;-1;-1;0;0,9544964;0;0,9544964
1,4027727;529,62524;-1;-1;0;0,9677712;0;0,9677712
1,4075284;529,80457;-1;-1;0;0,9811363;0;0,9811363
1,4123003;529,9839;-1;-1;0;0,9945921;0;0,9945921
1,4170884;530;-1;-1;0;1;0;1
1,4218926;530,3428;-1;-1;0;0,9782214;0;1
1,4267131;530,5223;-1;-1;0;0,96448946;0;1
1,43155;530,70184;-1;-1;0;0,9506645;0;1
1,4364034;530,88153;-1;-1;0;0,9367454;0;1
1,4412731;531;-1;-1;0;0,9227319;0;1
1,4461594;531,24097;-1;-1;0;0,908623;0;1
1,4510622;531,42084;-1;-1;0;0,8944185;0;1
1,4559816;531,6007;-1;-1;0;0,8801174;0;1
1,4609178;531,78064;-1;-1;0;0,8657191;0;1
1,4658706;531,9607;1;-1;0;0,85122323;0;1
1,4708403;532;1;-1;0;0,8366287;0;1
1,4758269;532,32086;1;-1;0;0,8219352;0;1
1,4808302;532,5011;1;-1;0;0,8071418;0;1
1,4858506;532,68134;1;-1;0;0,792248;0;1
1,490888;532,86163;1;-1;0;0,7772529;0;1
1,4959425;533;1;-1;0;0,76215625;0;1
1,5010141;533,2225;1;-1;0;0,7469568;0;1
1,5061029;533,40295;1;-1;0;0,73165417;0;1
1,5112089;533,5835;1;-1;0;0,71624756;0;1
1,5163323;533,76416;1;-1;0;0,7007363;0;1
1,521473;533,9448;1;-1;0;0,68511987;0;1
1,5266312;534;1;-1;0;0,66939735;0;1
1,5318068;534,3064;1;-1;0;0,6535678;0;1
1,5370001;534,48724;1;-1;0;0,63763094;0;1
1,5422108;534,66815;-1;-1;1;0,62158585;0;1
1,5474393;534,8492;-1;-1;0;0,60543156;0;1
1,5526855;535;-1;-1;0;0,58916783;0;1
1,5579494;535,2113;-1;-1;0;0,5727935;0;1
1,5632313;535,3925;-1;-1;0;0,55630803;0;1
1,568531;535,5737;-1;-1;0;0,5397105;0;1
1,5738487;535,755;-1;-1;0;0,52300024;0;1
1,5791844;535,9364;-1;-1;0;0,5061765;0;1
1,5845382;536;-1;-1;0;0,4892385;0;1
1,5899103;536,2993;-1;-1;0;0,47218537;0;1
1,5953004;536,48083;-1;-1;0;0,4550166;0;1
1,6007088;536,6624;-1;-1;0;0,43773103;0;1
1,6061356;536,8441;-1;-1;0;0,42032814;1;1
1,6115808;537;-1;-1;0;0,40280724;0;1
1,6170444;537,20764;-1;-1;0;0,38516712;0;1
1,6225266;537,38947;-1;-1;0;0,36740732;0;1
1,6280274;537,57135;-1;-1;0;0,34952664;0;1
1,6335468;537,75336;1;-1;0;0,33152485;0;1
1,6390849;537,93536;1;-1;0;0,3134005;0;1
1,6446419;538;1;-1;0;0,29515314;0;1
1,6502175;538,2996;1;-1;0;0,27678204;0;1
1,6558123;538,4819;1;-1;0;0,258286;0;1
1,6614258;538,6641;1;-1;0;0,23966432;0;1
1,6670585;538,8465;1;-1;0;0,22091603;0;1
1,6727102;539;1;-1;0;0,20204067;0;1
1,6783811;539,21136;1;-1;0;0,18303704;0;1
1,6840712;539,39386;1;-1;0;0,16390419;0;1
1,6897806;539,5765;1;-1;0;0,14464164;0;1
1,6955093;539,7591;1;-1;0;0,12524796;0;1
1,7012576;539,94183;1;-1;0;0,105722666;0;1
1,7070252;540;1;-1;0;0,086064816;0;1
1,7128124;540,30743;1;-1;0;0,06627345;0;1
1,7186193;540,49036;-1;-1;0;0,046347618;0;1
1,7244458;540,6733;-1;-1;0;0,026286602;0;1
1,7302921;540,8563;-1;-1;0;0,0060892105;0;1
1,7361583;541;-1;-1;0;0;0;1
1,7420442;541,22253;-1;-1;0;0,034718037;0;0,96528196
1,7479502;541,40576;-1;-1;0;0,0553298;0;0,9446702
1,7538761;541,58905;-1;-1;0;0,076081514;0;0,9239185
1,7598222;541,77234;-1;-1;0;0,096974134;0;0,90302587
1,7657884;541,95575;-1;-1;0;0,11800885;0;0,88199115
1,7717749;542;-1;-1;0;0,13918614;0;0,86081386
1,7777816;542,32275;-1;-1;0;0,16050744;0;0,83949256
1,7838087;542,5063;-1;-1;0;0,1819737;0;0,8180263
1,7898563;542,68994;-1;-1;0;0,20358562;0;0,7964144
1,7959243;542,87366;-1;-1;0;0,22534418;0;0,7746558
1,8020129;543;-1;-1;0;0,24725056;0;0,75274944
1,8081222;543,2413;-1;-1;0;0,26930594;0;0,73069406
1,8142521;543,4251;-1;-1;0;0,29151106;0;0,70848894
1,820403;543,6091;1;-1;0;0,31386685;0;0,68613315
1,8265746;543,7931;1;-1;0;0,33637452;0;0,6636255
1,832767;543,9772;1;-1;0;0,35903502;0;0,640965
1,8389806;544;1;-1;0;0,38184953;0;0,6181505
1,8452152;544,3455;1;-1;0;0,404819;0;0,595181
1,851471;544,5298;1;-1;0;0,42794442;0;0,5720556
1,8577478;544,7141;1;-1;0;0,45122695;0;0,54877305
1,8640461;544,8985;1;-1;0;0,4746678;0;0,5253322
1,8703656;545;1;-1;0;0,49826765;0;0,50173235
1,8767066;545,26746;1;-1;0;0,52202773;0;0,47797227
1,883069;545,4521;1;-1;0;0,5459492;0;0,45405078
1,8894532;545,6367;1;-1;0;0,5700333;0;0,4299667
1,8958589;545,8214;1;-1;0;0,5942807;0;0,40571928
1,9022863;546;1;-1;0;0,6186931;0;0,3813069
1,9087355;546,191;1;-1;0;0,6432712;0;0,3567288
1,9152066;546,3759;-1;-1;0;0,6680162;0;0,3319838
1,9216995;546,56085;-1;-1;0;0,69292927;0;0,30707073
1,9282146;546,74585;-1;-1;0;0,7180116;0;0,28198838
1,9347517;546,9309;-1;-1;0;0,7432642;0;0,2567358
1,941311;547;-1;-1;0;0,76868844;0;0,23131156
1,9478925;547,3013;-1;-1;0;0,7942853;0;0,2057147
1,9544964;547,4865;-1;-1;0;0,82005596;0;0,17994404
1,9611225;547,6719;-1;-1;0;0,8460016;0;0,15399837
1,9677712;547,85724;-1;-1;0;0,8721235;0;0,12787652
1,9744425;548;-1;-1;0;0,89842296;0;0,10157704
1,9811363;548,2282;-1;-1;0;0,924901;0;0,07509899
1,9878528;548,4138;-1;-1;0;0,9515588;0;0,04844117
1,9945921;548,5994;-1;-1;0;0,9783976;0;0,021602392
2;548,78516;-1;-1;0;1;0;0
2,0081394;548,97095;-1;-1;0;0,96737623;0;0,032623768
2,0149474;549;-1;-1;0;0,9399867;0;0,060013294
2,0217786;549,34265;-1;-1;0;0,9124112;0;0,08758879
2,0286329;549,5286;1;-1;0;0,8846488;0;0,1153512
2,0355105;549,7146;1;-1;0;0,8566971;1;0,14330292
2,0424113;549,9007;1;-1;0;0,82855606;0;0,17144394
2,0493355;550;1;-1;0;0,8002238;0;0,19977617
2,0562832;550,2731;1;-1;0;0,77169895;0;0,22830105
2,0632546;550,45935;1;-1;0;0,7429805;0;0,25701952
2,0702496;550,6457;1;-1;0;0,714067;0;0,28593302
2,0772681;550,8321;1;-1;0;0,684957;0;0,31504297
2,0843105;551;1;-1;0;0,6556492;0;0,3443508
2,091377;551,2051;1;-1;0;0,6261425;0;0,3738575
2,0984674;551,39166;1;-1;0;0,59643507;0;0,40356493
2,1055815;551,5783;1;-1;0;0,5665264;0;0,4334736
2,11272;551,765;1;-1;0;0,53641415;0;0,46358585
2,1198826;551,9518;1;-1;0;0,5060978;0;0,4939022
2,1270695;552;1;-1;0;0,47557545;0;0,52442455
2,134281;552,3255;-1;-1;0;0,44484568;0;0,5551543
2,1415164;552,5125;-1;-1;0;0,41390705;0;0,58609295
2,1487768;552,6995;-1;-1;0;0,38275814;0;0,61724186
2,1560616;552,8866;-1;-1;0;0,351398;0;0,648602
2,1633713;553;-1;-1;0;0,3198247;0;0,6801753
2,1707056;553,261;-1;-1;0;0,2880373;0;0,7119627
2,1780648;553,4483;-1;-1;0;0,2560339;0;0,7439661
2,185449;553,6356;-1;-1;0;0,22381306;0;0,77618694
2,1928582;553,82306;-1;-1;0;0,19137287;0;0,8086271
2,2002926;554;-1;-1;0;0,15871286;0;0,84128714
2,207752;554,19806;-1;-1;0;0,12583113;0;0,8741689
2,215237;554,3856;-1;-1;0;0,092725754;0;0,90727425
2,222747;554,5733;-1;-1;0;0,05939579;0;0,9406042
2,2302825;554,76105;-1;-1;0;0,025839329;0;0,9741607
2,2378438;554,94885;-1;-1;0;0;0;1
2,2454307;555;-1;-1;0;0;0;0,9580412
2,2530432;555,3246;-1;-1;0;0;0;0,9237962
2,2606816;555,5126;1;-1;0;0;0;0,88931894
2,2683458;555,7006;1;-1;0;0;0;0,8546071
2,276036;555,88873;1;-1;0;0;0;0,8196597
2,2837524;556;1;-1;0;0;0;0,78447485
2,2914948;556,26514;1;-1;0;0;0;0,7490511
2,2992637;556,4534;1;-1;0;0;0;0,713387
2,3070586;556,6418;1;-1;0;0;0;0,6774802
2,3148801;556,83026;1;-1;0;0;0;0,64132977
2,3227282;557;1;-1;0;0;0;0,60493374
2,3306026;557,2073;1;-1;0;0;0;0,5682907
2,338504;557,39594;1;-1;0;0;0;0,5313988
2,3464322;557,5846;1;-1;0;0;0;0,49425602
2,354387;557,7733;1;-1;0;0;0;0,45686102
2,362369;557,96216;1;-1;0;0;0;0,41921234
2,370378;558;1;-1;0;0;0;0,3813076
2,3784142;558,33997;-1;-1;1;0;0;0,34314585
2,3864777;558,529;-1;-1;0;0;0;0,3047247
2,3945684;558,718;-1;-1;0;0;0;0,26604223
2,4026866;558,90717;-1;-1;0;0;0;0,22709751
2,4108322;559;-1;-1;0;0;0;0,18788815
2,4190056;559,2856;-1;-1;0;0;0;0,14841223
2,4272065;559,4749;-1;-1;0;0;0;0,10866833
2,4354353;559,6643;-1;-1;0;0;0;0,06865454
2,443692;559,85376;-1;-1;0;0;0;0,02836895
2,4519768;560;-1;-1;0;0;0;0
2,4602895;560,23285;-1;-1;0;0;0;0
2,4686306;560,4225;-1;-1;0;0;0;0
2,4769998;560,61224;-1;-1;0;0;0;0
2,4853973;560,802;-1;-1;0;0;0;0
2,4938235;560,9918;-1;-1;0;0;0;0
2,502278;561;-1;-1;0;0;0;0
2,5107615;561,3717;-1;-1;0;0;0;0
2,5192735;561,5617;1;-1;0;0;0;0
2,5278146;561,75183;1;-1;0;0;0;0
2,5363843;561,94196;1;-1;0;0;0;0
2,5449834;562;1;-1;0;0;0;0
2,5536115;562,32245;1;-1;0;0;0;0
2,562269;562,5128;1;-1;0;0;0;0
2,5709555;562,70325;1;-1;0;0;0;0
2,5796719;562,89374;1;-1;0;0;0;0
2,5884175;563;1;-1;0;0;0;0
2,5971928;563,2749;1;-1;0;0;0;0
2,605998;563,4656;1;-1;0;0;0;0
2,6148329;563,6563;1;-1;0;0;0;0
2,6236978;563,8471;1;-1;0;0;0;0
2,6325927;564;1;-1;0;0;0;0
2,6415179;564,2289;1;-1;0;0;0;0
2,6504734;564,41986;-1;-1;0;0;0;0
2,659459;564,61096;-1;-1;0;0,072722435;0;0,072722435
2,6684752;564,80206;-1;-1;0;0,120759964;0;0,120759964
2,677522;564,9933;-1;-1;0;0,16912413;0;0,16912413
2,6865995;565;-1;-1;0;0,21781683;0;0,21781683
2,6957078;565,37585;-1;-1;0;0,26683998;0;0,26683998
2,7048469;565,5672;-1;-1;0;0,31619596;0;0,31619596
2,714017;565,75867;-1;-1;0;0,36588764;0;0,36588764
2,723218;565,9502;-1;-1;0;0,41591644;0;0,41591644
2,7324505;566;-1;-1;0;0,46628523;0;0,46628523
2,741714;566,3334;-1;-1;0;0,5169959;0;0,5169959
2,7510092;566,5251;-1;-1;0;0,56805134;0;0,56805134
2,7603357;566,71686;-1;-1;0;0,61945343;0;0,61945343
2,7696939;566,90875;-1;-1;0;0,67120457;0;0,67120457
2,779084;567;-1;-1;0;0,72330713;0;0,72330713
2,7885056;567,2926;-1;-1;0;0,7757635;0;0,7757635
2,7979593;567,4846;-1;-1;0;0,82857656;0;0,82857656
2,807445;567,6767;1;-1;0;0,8817482;0;0,8817482
2,816963;567,8689;1;-1;0;0,9352808;0;0,9352808
2,8265133;568;1;-1;0;0,98917675;0;0,98917675
2,8360958;568,2534;1;-1;0;1;0;1
2,8457108;568,44574;1;-1;0;0,90192986;0;0,90192986
2,8553584;568,6382;1;-1;0;0,84692764;0;0,84692764
2,8650389;568,8307;1;-1;0;0,79155254;0;0,79155254
2,874752;569;1;-1;0;0,73580074;0;0,73580074
2,8844981;569,2159;1;-1;0;0,67967033;0;0,67967033
2,8942773;569,4085;1;-1;0;0,6231594;0;0,6231594
2,9040895;569,60126;1;-1;0;0,56626415;1;0,56626415
2,9139352;569,7941;1;-1;0;0,50898266;0;0,50898266
2,923814;569,987;1;-1;0;0,4513111;0;0,4513111
2,9337265;570;1;-1;0;0,39324856;0;0,39324856
2,9436724;570,3729;1;-1;0;0,33479214;0;0,33479214
2,9536524;570,56604;-1;-1;0;0,27593803;0;0,27593803
2,963666;570,75916;-1;-1;0;0,21668434;0;0,21668434
2,9737134;570,95233;-1;-1;0;0,1570282;0;0,1570282
2,983795;571;-1;-1;0;0,09696674;0;0,09696674
2,9939108;571,339;-1;-1;0;0,03649807;0;0,03649807
3;571,53235;-1;-1;0;0;0;0
3,0142455;571,7258;-1;-1;0;0;0;0
3,0244644;571,9194;-1;-1;0;0;0;0
3,034718;572;-1;-1;0;0;0;0
3,0450065;572,30664;-1;-1;0;0;0;0
3,0553298;572,50037;-1;-1;0;0;0;0
3,0656881;572,69415;-1;-1;0;0;0;0
3,0760815;572,888;-1;-1;0;0;0;0
3,0865102;573;-1;-1;0;0;0;0
3,0969741;573,27594;-1;-1;0;0;0;0
3,1074736;573,47003;-1;-1;0;0;0;0
3,1180089;573,6641;-1;-1;0;0;0;0
3,1285796;573,85834;1;-1;0;0;0;0
3,1391861;574;1;-1;0;0;0;0
3,149829;574,2469;1;-1;0;0;0;0
3,1605074;574,4413;1;-1;0;0;0;0
3,1712224;574,63574;1;-1;0;0;0;0
3,1819737;574,83026;1;-1;0;0;0;0
3,1927612;575;1;-1;0;0;0;0
3,2035856;575,2195;1;-1;0;0;0;0
3,2144465;575,4142;1;-1;0;0;0;0
3,2253442;575,609;1;-1;0;0;0;0
3,2362788;575,80383;1;-1;0;0;0;0
3,2472506;575,9988;1;-1;0;0;0;0
3,2582595;576;1;-1;0;0;0;0
3,269306;576,3888;1;-1;0;0;0;0
3,2803895;576,58386;1;-1;0;0;0;0
3,291511;576,77905;-1;-1;0;0;0;0
3,30267;576,9743;-1;-1;0;0;0;0
3,3138669;577;-1;-1;0;0;0;0
3,3251016;577,365;-1;-1;0;0;0;0
3,3363745;577,5604;-1;-1;0;0;0;0,13139534
3,3476856;577,756;-1;-1;0;0;0;0,20699883
3,359035;577,95154;-1;-1;0;0;0;0,2831173
3,370423;578;-1;-1;0;0;0;0,3597517
3,3818495;578,3429;-1;-1;0;0;0;0,4369068
3,3933148;578,53864;-1;-1;0;0;0;0,5145855
3,404819;578,7345;-1;-1;0;0;0;0,5927925
3,4163623;578,9304;-1;-1;0;0;0;0,6715307
3,4279444;579;-1;-1;0;0;0;0,750803
3,4395661;579,3224;-1;-1;0;0;0;0,83061504
3,451227;579,5185;-1;-1;0;0;0;0,9109678
3,4629276;579,71466;-1;-1;0;0;0;0,99186707
3,4746678;579,91095;-1;-1;0;0;0;1
3,4864476;580;1;-1;0;0;0;0,8446827
3,4982677;580,3036;1;-1;0;0;0;0,76212406
3,5101275;580,50006;1;-1;0;0;0;0,67900467
3,5220277;580,69653;1;-1;0;0;0;0,5953207
3,5339682;580,8931;1;-1;0;0;0;0,51106834
3,5459492;581;1;-1;0;0;0;0,42624378
3,5579708;581,28644;1;-1;0;0;0;0,3408432
3,5700333;581,4832;1;-1;0;0;0;0,2548628
3,5821364;581,68005;1;-1;0;0;0;0,16829777
3,5942807;581,87695;1;-1;0;0;0;0,08114529
3,6064663;582;1;-1;0;0;0;0
3,618693;582,271;1;-1;0;0;0;0
3,6309614;582,4681;1;-1;0;0;0;0
3,6432712;582,6652;1;-1;0;0;0;0
3,6556227;582,8625;1;-1;0;0;0;0
3,6680162;583;-1;-1;0;0;0;0
3,6804516;583,25714;-1;-1;0;0;0;0
3,6929293;583,4546;-1;-1;0;0;0;0
3,705449;583,6521;-1;-1;0;0;0;0
3,7180116;583,8497;-1;-1;0;0;0;0
3,7306166;584;-1;-1;0;0;0;0
3,7432642;584,245;-1;-1;0;0;0;0
3,7559547;584,44275;-1;-1;0;0;0;0
3,7686884;584,6406;-1;-1;0;0;0;0
3,781465;584,8385;-1;-1;0;0;0;0
3,7942853;585;-1;-1;0;0;0;0
3,8071487;585,23456;-1;-1;0;0;0;0
3,820056;585,4326;-1;-1;0;0;0;0
3,8330069;585,6308;-1;-1;0;0;0;0
3,8460016;585,82904;-1;-1;0;0;0;0
3,8590405;586;-1;-1;0;0;0;0
3,8721235;586,2257;-1;-1;0;0;0;0
3,885251;586,4242;1;-1;0;0;0;0
3,898423;586,6227;1;-1;0;0,19770145;0;0
3,9116395;586,8213;1;-1;0;0,3009243;0;0
3,924901;587;1;-1;0;0,40484715;0;0
3,9382074;587,2186;1;-1;0;0,50947666;0;0
3,9515588;587,4174;1;-1;0;0,61481667;0;0
3,9649556;587,6163;1;-1;0;0,7208729;0;0
3,9783976;587,8152;1;-1;0;0,82764816;0;0
3,9918854;588;1;-1;0;0,9351492;0;0
4;588,2132;1;-1;0;1;0;0
4,018998;588,4123;1;-1;0;0,84765244;0;0
4,032624;588,6115;1;-1;0;0,73794746;0;0
4,046295;588,8107;1;-1;0;0,6274948;0;0
4,0600133;589;1;-1;0;0,5162945;0;0
4,0737777;589,2094;1;-1;0;0,40433693;0;0
4,087589;589,4089;-1;-1;0;0,29162025;0;0
4,1014466;589,6084;-1;-1;0;0,17813683;0;0
4,115351;589,808;-1;-1;0;0,06388283;0;0
4,1293035;590;-1;-1;0;0;0;0
4,143303;590,2074;-1;-1;0;0;0;0,16695786
4,1573496;590,40717;-1;-1;0;0;0;0,28355598
4,171444;590,607;-1;-1;0;0;0;0,40094566
4,185586;590,80695;-1;-1;0;0;0;0,5191326
4,199776;591;-1;-1;0;0;0;0,63812065
4,2140145;591,207;-1;-1;0;0;0;0,7579193
4,228301;591,4071;-1;-1;0;0;0;0,8785305
4,242636;591,6073;-1;-1;0;0;0;0,99996185
4,2570195;591,80756;-1;-1;0;0;0;1
4,271452;592;-1;-1;0;0;0;0,7546978
4,285933;592,2083;-1;-1;0;0;0;0,63077545
4,3004637;592,40875;-1;-1;0;0;0;0,5060139
4,315043;592,6093;-1;-1;0;0;0;0,3804016
4,3296723;592,80994;1;-1;0;0;0;0,25393867
4,344351;593;1;-1;0;0;0;0,12661552
4,3590794;593,2113;1;-1;0;0;0;0
4,3738575;593,4121;1;-1;0;0;0;0
4,388686;593,61304;1;-1;0;0;0;0
4,403565;593,81396;1;-1;0;0;0;0
4,4184937;594;1;-1;0;0;0;0
4,4334736;594,21606;1;-1;0;0;0;0
4,448504;594,4172;1;-1;0;0;0;0
4,463586;594,6184;1;-1;0;0;0;0
4,4787183;594,8197;1;-1;0;0;0;0
4,493902;595;1;-1;0;0;0;0
4,5091376;595,2225;1;-1;0;0;0;0
4,5244246;595,42395;1;-1;0;0;0;0
4,5397635;595,6255;1;-1;0;0;0;0
4,5551543;595,82715;-1;-1;0;0;0;0
4,5705976;596;-1;-1;0;0;0;0
4,586093;596,2306;-1;-1;0;0;0;0
4,601641;596,43243;-1;-1;0;0;0;0
4,617242;596,6343;-1;-1;0;0;0;0
4,6328955;596,83624;-1;-1;0;0;0;0
4,648602;597;-1;-1;0;0;0;0
4,664362;597,2404;-1;-1;0;0;0;0
4,6801753;597,44257;-1;-1;0;0;0;0
4,696042;597,64484;-1;-1;0;0;0;0
4,7119627;597,8471;-1;-1;0;0;0;0
4,727937;598;-1;-1;0;0;0;0
4,743966;598,25195;-1;-1;0;0;0;0
4,7600493;598,45447;-1;-1;0;0;0;0
4,776187;598,65704;-1;-1;0;0;0;0
4,7923794;598,8597;-1;-1;0;0;0;0
4,808627;599;-1;-1;0;0;0;0
4,824929;599,2652;1;-1;0;0;0;0
4,841287;599,4681;1;-1;0;0;0;0
4,8577003;599,67096;1;-1;0;0;0;0
4,874169;599,87396;1;-1;0;0;0;0
4,8906937;600;1;-1;0;0;0;0
4,9072742;600,28015;1;-1;0;0;0;0
4,923911;600,48334;1;-1;0;0;0;0
4,940604;600,68665;1;-1;0;0;0;0
4,957354;600,88995;1;-1;0;0;1;0
4,9741607;601;1;-1;0;0;0;0
4,9910245;601,2969;1;-1;0;0;0;0
5;601,50037;1;-1;0;0;0;0
5,0249233;601,704;1;-1;0;0;0;0
5,041959;601,9077;1;-1;0;0;0;0
5,0590525;602;1;-1;0;0;0;0
5,076204;602,31525;-1;-1;0;0;0;0
5,0934134;602,51917;-1;-1;0;0;0;0
5,110681;602,7231;-1;-1;0;0;0;0
5,128008;602,9271;-1;-1;0;0;0;0,296463
5,145393;603;-1;-1;0;0;0;0,47506905
5,162837;603,3354;-1;-1;0;0;0;0,65488625
5,1803403;603,5396;-1;-1;0;0;0;0,83592606
5,1979027;603,74396;-1;-1;0;0;0;1
5,215525;603,9483;-1;-1;0;0;0;0,7982979
5,2332067;604;-1;-1;0;0;0;0,61354446
5,250949;604,35724;-1;-1;0;0;0;0,427536
5,2687507;604,5618;-1;-1;0;0;0;0,2402649
5,286613;604,7665;-1;-1;0;0;0;0,051721573
5,304536;604,9712;-1;-1;0;0;0;0
5,32252;605;-1;-1;0;0;0;0
5,3405643;605,38086;-1;-1;0;0;0;0
5,35867;605,58575;-1;-1;0;0;0;0
5,3768373;605,7908;1;-1;0;0;0;0
5,3950663;605,99585;1;-1;0;0;0;0
5,413357;606;1;-1;0;0;0;0
5,4317093;606,4062;1;-1;0;0;0;0
5,4501243;606,61145;1;-1;0;0;0;0
5,468601;606,8168;1;-1;0;0;0;0
5,487141;607;1;-1;0;0;0;0
5,505744;607,22766;1;-1;0;0;0;0
5,52441;607,4332;1;-1;0;0;0;0
5,543139;607,63885;1;-1;0;0;0;0
5,561931;607,84454;1;-1;0;0;0;0
5,5807877;608;1;-1;0;0;0;0
5,599708;608,25616;1;-1;0;0,3567276;0;0
5,6186924;608,46204;1;-1;0;0,56970215;0;0
5,637741;608,668;1;-1;0;0,78412247;0;0
5,656854;608,874;-1;-1;1;1;0;0
5,6760325;609;-1;-1;0;0,7826576;0;0
5,6952753;609,2863;-1;-1;0;0,56383896;0;0
5,714584;609,49255;-1;-1;0;0,34353256;0;0
5,733958;609,6989;-1;-1;0;0,121730804;0;0
5,753397;609,9053;-1;-1;0;0;0;0
5,7729025;610;-1;-1;0;0;0;0
5,7924743;610,3183;-1;-1;0;0;0;0
5,812112;610,52484;-1;-1;0;0;0;0
5,8318167;610,7315;-1;-1;0;0;0;0
5,851588;610,9383;-1;-1;0;0;0;0
5,871426;611;-1;-1;0;0;0;0
5,8913317;611,3519;-1;-1;0;0;0;0
5,9113045;611,5589;-1;-1;0;0;0;0
5,9313455;611,7659;-1;-1;0;0;0;0
5,951454;611,973;-1;-1;0;0;0;0
5,971631;612;-1;-1;0;0;0;0
5,991876;612,3874;1;-1;0;0;0;0
6;612,59467;1;-1;0;0;0;0
6,0325727;612,80206;1;-1;0;0;0;0
6,053025;613;1;-1;0;0;0;0
6,073546;613,217;1;-1;0;0;0;0
6,0941367;613,42456;1;-1;0;0;0;0
6,114797;613,63226;1;-1;0;0;0;0
6,135528;613,83997;1;-1;0;0;0;0
6,1563287;614;1;-1;0;0;0;0
6,1772003;614,2556;1;-1;0;0;0;0
6,1981425;614,46356;1;-1;0;0;0;0
6,219156;614,6715;1;-1;0;0;0;0
6,24024;614,87964;1;-1;0;0;0;0
6,261396;615;1;-1;0;0;0;0
6,282624;615,29596;1;-1;0;0;0;0
6,3039236;615,5043;-1;-1;0;0;0;0
6,325295;615,7126;-1;-1;0;0;0;0
6,3467393;615,921;-1;-1;0;0;0;0,28110123
6,3682566;616;-1;-1;0;0;0;0,5546913
6,3898463;616,3381;-1;-1;0;0;0;0,83013535
6,4115095;616,5467;-1;-1;0;0;0;1
6,433246;616,75543;-1;-1;0;0;0;0,6133461
6,455056;616,9642;-1;-1;0;0;0;0,3322487
6,4769406;617;-1;-1;0;0;0;0,049240112
6,498899;617,38196;-1;-1;0;0;0;0
6,5209317;617,59094;-1;-1;0;0;0;0
6,5430393;617,8;-1;-1;0;0;0;0
6,565222;618;-1;-1;0;0;0;0
6,5874796;618,2183;-1;-1;0;0;0;0
6,6098127;618,4276;-1;-1;0;0;0;0
6,6322217;618,63696;-1;-1;0;0;0;0
6,6547065;618,8464;-1;-1;0;0;0;0
6,6772676;619;1;-1;0;0;0;0
6,699905;619,26544;1;-1;0;0;0;0
6,722619;619,47504;1;-1;0;0;0;0
6,7454104;619,68475;1;-1;0;0;0;0
6,768279;619,89453;1;-1;0;0;0;0
6,7912254;620;1;-1;0;0;0;0
6,814249;620,3143;1;-1;0;0;0;0
6,837351;620,52423;1;-1;0;0;0;0
6,8605313;620,7343;1;-1;0;0;0;0
6,88379;620,9444;1;-1;0;0;0;0
6,907128;621;1;-1;0;0;0;0
6,930545;621,36487;1;-1;0;0;0;0
6,954041;621,5752;1;-1;0;0;0;0
6,977617;621,78564;1;-1;0;0;0;0
7;621,9961;1;-1;0;0;0;0
7,0250087;622;-1;-1;0;0;0;0
7,0488253;622,4173;-1;-1;0;0;0;0
7,0727224;622,628;-1;-1;0;0;0;0
7,0967007;622,83875;-1;-1;0;0;0;0
7,12076;623;-1;-1;0;0;0;0
7,1449013;623,2605;-1;-1;0;0;0;0
7,169124;623,47144;-1;-1;0;0;0;0
7,193429;623,6825;-1;-1;0;0;0;0
7,217817;623,8936;-1;-1;0;0;0;0
7,2422867;624;-1;-1;0;0;0;0
7,26684;624,3161;-1;-1;0;0;0;0
7,2914762;624,5274;-1;-1;0;0;0;0
7,316196;624,73883;-1;-1;0;0;0;0
7,3409996;624,9503;-1;-1;0;0;0;0
7,3658876;625;-1;-1;0;0;0;0
7,3908596;625,3735;-1;-1;0;0;0;0
7,4159164;625,58514;-1;-1;0;0;0;0
7,441058;625,79694;1;-1;0;0;0;0
7,466285;626;1;-1;0;0;0;0
7,4915977;626,2207;1;-1;0;0;0;0
7,516996;626,4327;1;-1;0;0;0;0
7,5424805;626,6447;1;-1;0;0;0;0
7,5680513;626,8568;1;-1;0;0;0;0
7,593709;627;1;-1;0;0;0;0
7,6194534;627,2813;1;-1;0;0;0;0
7,645285;627,49365;1;-1;0;0;0;0
7,6712046;627,70605;1;-1;0;0;0;0
7,6972117;627,9185;1;-1;0;0;0;0
7,723307;628;1;-1;0;0;0;0
7,749491;628,34375;1;-1;0;0;0;0
7,7757635;628,5564;1;-1;0;0;0;0
7,8021255;628,76917;1;-1;0;0;0;0
7,8285766;628,98206;-1;-1;0;0;0;0
7,8551173;629;-1;-1;0;0;0;0,7028656
7,881748;629,40796;-1;-1;0;0;0;1
7,908469;629,621;-1;-1;0;0;0;0,45611572
7,935281;629,8341;-1;-1;0;0;0;0,03132248
7,962183;630;-1;-1;0;0;0;0
7,9891768;630,2606;-1;-1;0;0,82694626;0;0
8;630,47394;-1;-1;0;1;0;0
8,043439;630,6874;-1;-1;0;0,30308533;0;0
8,070708;630,9009;-1;-1;0;0;0;0
8,09807;631;-1;-1;0;0;0;0
8,1255245;631,32806;-1;-1;0;0;0;0
8,153072;631,5418;-1;-1;0;0;0;0
8,180713;631,75555;-1;-1;0;0;0;0
8,208447;631,9694;-1;-1;0;0;0;0
8,236276;632;-1;-1;0;0;0;0
8,264199;632,39734;-1;-1;0;0;0;0
8,292216;632,6114;1;-1;0;0;0;0
8,32033;632,82556;1;-1;0;0;0;0
8,348537;633;1;-1;0;0;0;0
8,376841;633,2541;1;-1;0;0;0;0
8,40524;633,46844;1;-1;0;0;0;0
8,433736;633,68286;1;-1;0;0;0;0
8,462329;633,89734;1;-1;0;0;0;0
8,491017;634;1;-1;0;0;0;0
8,519804;634,3266;1;-1;0;0;0;0
8,548689;634,5413;1;-1;0;0;0;0
8,577671;634,7561;1;-1;0;0;0;0
8,606751;634,971;1;-1;0;0;0;0
8,63593;635;1;-1;0;0;0;0
8,665208;635,40094;1;-1;0;0;0;0
8,694585;635,616;1;-1;0;0;0;0
8,724062;635,8312;-1;-1;0;0;0;0
8,753638;636;-1;-1;0;0;0;0
8,783316;636,2617;-1;-1;0;0;0;0
8,813093;636,4771;-1;-1;0;0;0;0
8,842972;636,69257;-1;-1;0;0;0;0
8,8729515;636,9081;-1;-1;0;0;0;0
8,903033;637;-1;-1;0;0;0;0
8,933216;637,33936;-1;-1;0;0;0;0
8,963502;637,5551;-1;-1;0;0;0;0
8,993891;637,77094;-1;-1;0;0;0;0
9;637,9868;-1;-1;0;0;0;0
9,054976;638;-1;-1;0;0;0;0
9,085675;638,4188;-1;-1;0;0;0;0
9,116478;638,63495;-1;-1;0;0;0;0
9,147385;638,85114;-1;-1;0;0;0;0
9,178397;639;-1;-1;0;0;0;0
9,209514;639,2837;-1;-1;0;0;0;0
9,240736;639,5001;1;-1;0;0;0;0
9,272064;639,71655;1;-1;0;0;0;0
9,303499;639,9331;1;-1;0;0;0;0
9,33504;640;1;-1;0;0;0;0
9,366689;640,36646;1;-1;0;0;0;0
9,398443;640,5832;1;-1;0;0;0;0
9,430306;640,80005;1;-1;0;0;0;0
9,462277;641;1;-1;0;0;0;0
9,494357;641,23395;1;-1;0;0;0;0
9,526546;641,45105;1;-1;0;0;0;0
9,558843;641,66815;1;-1;0;0;0;0
9,591249;641,8854;1;-1;0;0;0;0
9,623766;642;1;-1;0;0;0;0
9,656393;642,32;1;-1;0;0;0;1
9,689131;642,5374;1;-1;0;0;0;0,12075043
9,721979;642,75494;-1;-1;0;0;0;0
9,754939;642,97253;-1;-1;0;0;0;0
9,788011;643;-1;-1;0;0;0;0
9,821194;643,4079;-1;-1;0;0;0;0
9,85449;643,6257;-1;-1;0;0;0;0
9,887899;643,84357;-1;-1;0;0;0;0
9,921422;644;-1;-1;0;0;0;0
9,955058;644,27954;-1;-1;0;0;0;0
9,988808;644,4976;-1;-1;0;0;0;0
10;644,7158;-1;-1;0;0;0;0
10,056651;644,934;-1;-1;0;0;0;0
10,090746;645;-1;-1;0;0;0;0
10,124956;645,3707;-1;-1;0;0;0;0
10,159282;645,58923;-1;-1;0;0;0;0
10,193725;645,80774;-1;-1;0;0;0;0
10,228284;646;-1;-1;0;0;0;0
10,26296;646,24506;-1;-1;0;0;0;0
10,297754;646,4638;1;-1;0;0;0;0
10,332665;646,6826;1;-1;0;0;0;0
10,367696;646,90155;1;-1;0;0;0;0
10,402845;647;1;-1;0;0;0;0
10,438113;647,3396;1;-1;0;0;0;0
10,473501;647,5587;1;-1;0;0;0;0
10,509008;647,7779;1;-1;0;0;0;0
10,544637;647,9972;1;-1;0;0;0;0
10,580385;648;1;-1;0;0;0;0
10,616256;648,436;1;-1;0;0;0;0
10,652247;648,65546;1;-1;0;0;0;0
10,688361;648,87506;1;-1;0;0;0;0
10,724597;649;1;-1;0;0;0;0
10,760956;649,3144;1;-1;0;0;0;0
10,797439;649,53424;1;-1;0;0;0;0
10,834044;649,7541;-1;-1;0;0;0;0
10,870774;649,97406;-1;-1;0;0;0;0
10,907629;650;-1;-1;0;0;0;0
10,944609;650,4142;-1;-1;0;0;0;0
10,981713;650,63434;-1;-1;0;0;0;0
11;650,85455;-1;-1;0;0;0;0
11,056301;651;-1;-1;0;0;1;0
11,093784;651,2953;-1;-1;0;0;0;0
11,131395;651,51575;-1;-1;0;0;0;0
11,169133;651,73627;-1;-1;0;0;0;0
11,206999;651,9569;-1;-1;0;0;0;0
11,244993;652;-1;-1;0;0;0;0
11,283117;652,3984;-1;-1;0;0;0;0
11,321369;652,6192;-1;-1;0;1;0;0
11,359752;652,84015;-1;-1;0;0;0;0
11,398264;653;-1;-1;0;0;0;0
11,436907;653,28217;-1;-1;0;0;0;0
11,47568;653,50336;1;-1;0;0;0;0
11,5145855;653,72455;1;-1;0;0;0;0
11,553623;653,94586;1;-1;0;0;0;0
11,5927925;654;1;-1;0;0;0;0
11,632095;654,3887;1;-1;0;0;0;0
11,671531;654,61017;1;-1;0;0;0;0
11,7111;654,8317;1;-1;0;0;0;0
11,750803;655;1;-1;0;0;0;0
11,790642;655,27515;1;-1;0;0;0;0
11,830615;655,49695;1;-1;0;0;0;0,96343994
11,870724;655,7189;1;-1;0;0;0;1
11,910968;655,94086;1;-1;0;0;0;0
11,951349;656;1;-1;0;0;0;0
11,991867;656,385;1;-1;0;0;0;0
12;656,6072;1;-1;0;0;0;0
12,073316;656,82947;-1;-1;0;0;0;0
12,114247;657;-1;-1;0;0;0;0
12,155317;657,27423;-1;-1;0;0;0;0
12,196527;657,4967;-1;-1;0;0;0;0
12,237876;657,71924;-1;-1;0;0;0;0
12,279366;657,9419;-1;-1;0;0;0;0
12,320995;658;-1;-1;0;0;0;0
12,362766;658,38745;-1;-1;0;0;0;0
12,404679;658,6103;-1;-1;0;0;0;0
12,446733;658,83325;-1;-1;0;0;0;0
12,488932;659;-1;-1;0;0;0;0
12,531272;659,27936;-1;-1;0;0;0;0
12,573756;659,5025;-1;-1;0;0;0;0
12,616384;659,72577;-1;-1;0;0;0;0
12,659157;659,9491;-1;-1;0;0;0;0
12,702074;660;-1;-1;0;0;0;0
12,745137;660,396;-1;-1;0;0;0;0
12,788346;660,6195;1;-1;0;0;0;0
12,831702;660,84314;1;-1;0;0;0;0
12,875204;661;1;-1;0;0;0;0
12,918855;661,2906;1;-1;0;0;0;0
12,962652;661,51447;1;-1;0;0;0;0
13;661,7384;1;-1;0;0;0;0
13,050694;661,9624;1;-1;0;0;0;0
13,094939;662;1;-1;0;0;0;0
13,139335;662,41064;1;-1;0;0;0;0
13,18388;662,6349;1;-1;0;0;0;0
13,228577;662,8592;1;-1;0;0;0;0
13,273425;663;1;-1;0;0;0;0
13,318425;663,30804;1;-1;0;0;0;0
13,363578;663,53253;1;-1;0;0;0;0
13,408883;663,75714;1;-1;0;0;0;0
13,454343;663,9819;-1;-1;0;0;0;0
13,499956;664;-1;-1;0;0;0;0
13,545724;664,43146;-1;-1;0;0;0;0
13,591647;664,6564;-1;-1;0;0;0;0
13,637727;664,88135;-1;-1;0;0;0;0
13,683962;665;-1;-1;0;0;0;0
13,730353;665,33154;-1;-1;0;0;0;0
13,776903;665,55676;-1;-1;0;0;0;0
13,82361;665,7821;-1;-1;0;0;0;0
13,870475;666;-1;-1;0;0;0;0
13,9175;666,2329;-1;-1;0;0;0;0
13,964684;666,45844;-1;-1;0;0;0;0
14;666,684;-1;-1;0;0;0;0
14,059531;666,9097;-1;-1;0;0;0;0
14,107196;667;-1;-1;0;0;0;0
14,155023;667,3613;-1;-1;0;0;0;0
14,2030115;667,5872;-1;-1;0;0;0;0
14,2511635;667,8132;1;-1;0;0;0;0
14,299479;668;1;-1;0;0;0;0
14,347958;668,2654;1;-1;0;0;0;0
14,3966;668,4916;1;-1;0;0;0;0
14,445408;668,7179;1;-1;0;0;0;0
14,494382;668,9443;1;-1;0;0;0;0,5
14,543521;669;1;-1;0;0;0;0
14,592827;669,3972;1;-1;0;0;0;0
14,642301;669,62384;1;-1;0;0;0;0
14,691941;669,85046;1;-1;0;0;0;0
14,741751;670;1;-1;0;0;0;0
14,791729;670,3041;1;-1;0;0;0;0
14,841876;670,53094;1;-1;0;0;0;0
14,892194;670,75793;1;-1;0;0;0;0
14,942681;670,985;1;-1;0;0;0;0
14,993341;671;-1;-1;0;0;0;0
15;671,43933;-1;-1;0;0;0;0
15,095176;671,6666;-1;-1;0;0;0;0
15,146352;671,894;-1;-1;0;0;0;0
15,197701;672;-1;-1;0;0;0;0
15,249226;672,34894;-1;-1;0;0;0;0
15,300924;672,57654;-1;-1;0;0;0;0
15,3527975;672,80426;-1;-1;0;0;0;0
15,404847;673;-1;-1;0;0;0;0
15,457074;673,2598;-1;-1;0;0;0;0
15,509477;673,48773;-1;-1;0;0;0;0
15,5620575;673,7157;-1;-1;0;0;0;0
15,614817;673,9437;-1;-1;0;0;0;0
15,667755;674;-1;-1;0;0;0;0
15,720873;674,4001;-1;-1;0;0;0;0
15,77417;674,6284;-1;-1;0;0;0;0
15,827648;674,85675;-1;-1;0;0;0;0
15,881308;675;1;-1;0;0;0;0
15,935149;675,3137;1;-1;0;0;0;0
15,989173;675,5423;1;-1;0;0;0;0
16;675,771;1;-1;0;0,5;0;0
16,09777;675,99976;1;-0,8044586;0;0;0;0
16,152348;676;1;-0,6953049;0;0;0;0
16,207108;676,4575;1;-0,5857849;0;0;0;0
16,262053;676,68646;1;-0,47589493;0;0;0;0
16,317184;676,9155;1;-0,3656311;0;0;0;0
16,372505;677;1;-0,25498962;0;0;0;0
16,42801;677,3739;1;-0,14397812;0;0;0;0
16,483706;677,6032;1;-0,03258896;0;0;0;0
16,53959;677,8326;1;0,07918167;0;0;0;0
16,595663;678;1;0,19132614;0;0;0;0
16,651926;678,29156;1;0,30385208;0;0;0;0
16,70838;678,5212;-1;0,4167595;0;0;0;0
16,765026;678,75085;-1;0,5300522;0;0;0;0
16,821863;678,9806;-1;0,64372635;0;0;0;0
16,878893;679;-1;0,7577858;0;0;0;0
16,936117;679,44037;-1;0,87223434;0;0;0;0
16,993534;679,67035;-1;0,9870682;0;0;0;0
17;679,90045;-1;1;0;0;0;0
17,108953;680;-1;1;0;0;0;0
17,166958;680,36084;-1;1;0;0;0;0
17,225159;680,5911;-1;1;0;0;0;0
17,283556;680,82153;-1;1;0;0;0;0
17,342152;681;-1;1;0;0;0;0
17,400946;681,28253;-1;1;0;0;0;0
17,459938;681,5131;-1;1;0;0;0;0
17,519133;681,74384;-1;1;0;0;0;0
17,578526;681,9746;-1;1;0;0;0;0
17,63812;682;-1;1;0;0;0;0
17,697918;682,4364;1;1;0;0;0;0
17,75792;682,6674;1;1;0;0;0;0,5
17,818123;682,8985;1;1;0;0;0;0
17,87853;683;1;1;0;0;0;0
17,939142;683,3609;1;1;0;0;0;0
17,999962;683,5922;1;1;0;0;0;0
18;683,8236;1;1;0;0;0;0
18,122217;684;1;1;0;0;0;0
18,183655;684,2867;1;1;0;0;0;0
18,245302;684,5183;1;1;0;0;0;0
18,307158;684,75;1;1;0;0;0;0
18,369225;684,9818;1;1;0;0;0;0
18,4315;685;1;1;0;0;0;0
18,493986;685,4456;1;1;0;0;0;0
18,556686;685,6777;1;1;0;0;0;0
18,619598;685,9098;-1;1;0;0;0;0
18,682722;686;-1;1;0;0;0;0
18,746061;686,3742;-1;1;0;0;0;0
18,809616;686,60657;-1;1;0;0;0;0
18,873384;686,839;-1;1;0;0;0;0
18,93737;687;-1;1;0;0;0;0
19;687,3041;-1;1;0;0;0;0
19,065992;687,53674;-1;1;0;0;0;0
19,13063;687,7695;-1;1;0;0;0;0
19,195488;688;-1;1;0;0;0;0
19,260565;688,23517;-1;1;0;0;0;0
19,325863;688,46814;-1;1;0;0;0;0
19,391382;688,7012;-1;1;0;0;0;0
19,457125;688,9343;-1;1;0;0;0;0
19,523088;689;-1;1;0;0;0;0
19,589275;689,4008;-1;1;0;0;0;0
19,65569;689,6342;-1;1;0;0;0;0
19,722326;689,8676;1;1;0;0;0;0
19,78919;690;1;1;0;0;0;0
19,85628;690,3348;1;1;0;0;0;0
19,923597;690,5685;1;1;0;0;0;0
19,991142;690,80225;1;1;0;0;0;0
20;691;1;1;0;0;0;0
20,126923;691,26996;1;1;0;0;0;0
20,195158;691,50397;1;1;0;0;0;0
20,263624;691,73804;1;1;0;0;0;0
20,332323;691,9722;1;1;0;0;0;0
20,401255;692;1;1;0;0;0;0
20,470419;692,4408;1;1;0;0;0;0
20,53982;692,6752;1;1;0;0;0;0
20,609453;692,90967;1;1;0;0;0;0
20,679325;693;1;1;0;0;0;0
20,749434;693,37885;-1;1;0;0;0;0
20,819778;693,6135;-1;1;0;0;0;0
20,890362;693,8483;-1;1;0;0;0;0
20,961185;694;-1;1;0;0;0;0
21;694,3182;-1;1;0;0;0;0
21,103554;694,5532;-1;1;0;0;0;0
21,1751;694,7883;-1;1;0;0;0;0
21,24689;695;-1;1;0;0;0;0
21,31892;695,2588;-1;1;0;0;0;0
21,391197;695,49414;-1;1;0;0;0;0
21,463718;695,72955;-1;1;0;0;0;0
21,536486;695,9651;-1;1;0;0;0;0
21,609499;696;-1;1;0;0;0;0
21,68276;696,43634;-1;1;0;0;0;0
21,756271;696,67206;-1;1;0;0;0;0,33333334
21,83003;696,9079;-1;1;0;0;0;0
21,90404;697;-1;1;0;0;0;0
21,978298;697,3798;1;1;0;0;0;0
22;697,6159;1;1;0;0;0;0
22,127575;697,85205;1;1;0;0;0;0
22,202593;698;1;1;0;0;0;0
22,277864;698,3246;1;1;0;0;0;0
22,353392;698,561;1;1;0;0;0;0
22,429176;698,7974;1;1;0;0;0;0
22,505217;699;1;1;0;0;0;0
22,581514;699,27057;1;1;0;0;0;0
22,658072;699,5073;1;1;0;0,25;0;0
22,734888;699,7441;1;1;0;0;0;0
22,811964;699,98096;1;1;0;0;0;0
22,889301;700;1;1;0;0;0;0
22,966902;700,45496;1;1;0;0;0;0
23;700,6921;1;1;0;0;0;0
23,122892;700,92926;-1;1;0;0;0;0
23,201284;701;-1;1;0;0;0;0
23,279943;701,4039;-1;1;0;0;0;0
23,358868;701,6413;-1;1;0;0;0;0
23,43806;701,8788;-1;1;0;0;0;0
23,51752;702;-1;1;0;0;0;0
23,59725;702,35406;-1;1;0;0;0;0
23,677252;702,5918;-1;1;0;0;0;0
23,757523;702,82965;-1;1;0;0;0;0
23,838066;703;-1;1;0;0;0;0
23,918882;703,30554;-1;1;0;0;0;0
23,999973;703,54364;-1;1;0;0;0;0
24;703,7818;-1;1;0;0;0;0
24,162981;704;-1;1;0;0;0;0
24,2449;704,25836;-1;1;0;0;0;0
24,327095;704,49677;-1;1;0;0;0;0
24,40957;704,7352;-1;1;0;0;0;0
24,492325;704,97375;1;1;0;0;0;0
24,57536;705;1;1;0;0;0;0
24,658676;705,4511;1;1;0;0;0;0
24,742275;705,68994;1;1;0;0;0;0
24,826157;705,92883;1;1;0;0;0;0
24,910324;706;1;1;0;0;0;0
24,994776;706,4068;1;1;0;0;0;0
25;706,64594;1;1;0;0;0;0
25,16454;706,88513;1;1;0;0;0;0
25,249853;707;1;1;0;0;0;0
25,335457;707,36383;1;1;0;0;0;0
25,42135;707,6033;1;1;0;0;0;0
25,507534;707,8428;1;1;0;0;0;0
25,594011;708;1;1;0;0;0;0
25,68078;708,3221;1;1;0;0;0;0
25,767845;708,5619;-1;1;0;0;0;0
25,855204;708,8017;-1;1;0;0;0;0
25,94286;709;-1;1;0;0;0;0
26;709,2817;-1;1;0;0;0;0
26,119062;709,5218;-1;1;0;0;0;0
26,207613;709,76196;-1;1;0;0;0;0
26,296463;710;-1;1;0;0;0;0
26,385614;710,24255;-1;1;0;0;0;0
26,475069;710,483;-1;1;0;0;0;0
26,564825;710,72345;-1;1;0;0;0;0
26,654886;710,96405;-1;1;0;0;0;0,2
26,745253;711;-1;1;0;0;0;0
26,835926;711,4455;-1;1;0;0;0;0
26,926907;711,6863;-1;1;0;0;0;0
27;711,9272;-1;1;0;0;0;0
27,109793;712;-1;1;0;0;0;0
27,201702;712,4093;-1;1;0;0;0;0
27,293922;712,65045;1;1;0;0;0;0
27,386456;712,89166;1;1;0;0;0;0
27,479301;713;1;1;0;0;0;0
27,572464;713,3744;1;1;0;0;0;0
27,665941;713,6159;1;1;0;0;0;0
27,759735;713,8574;1;1;0;0;0;0
27,853848;714;1;1;0;0;0;0
27,948278;714,3408;1;1;0;0;0;0
28;714,58264;1;1;0;0;0;0
28,138102;714,8245;1;1;0;0;0;0
28,233498;715;1;1;0;0;0;0
28,329216;715,30853;1;1;0;0;0;0
28,425259;715,55066;1;1;0;0;0;0
28,521627;715,7929;1;1;0;0;0;0
28,618322;716;1;1;0;0;0;0
28,715345;716,2776;-1;1;0;0;0;0
28,812696;716,5201;-1;1;0;0;0;0
28,91038;716,76263;-1;1;0;0;0;0
29;717;-1;1;0;0;0;0
29,106737;717,2479;-1;1;0;0;0;0
29,205416;717,4907;-1;1;0;0;0;0
29,30443;717,73364;-1;1;0;0;0;0
29,40378;717,97656;-1;1;0;0;0;0
29,503466;718;-1;1;0;0;0;0
29,603489;718,46277;-1;1;0;0;0;0
29,703852;718,70593;-1;1;0;0;0;0
29,804556;718,9492;-1;1;0;0;0;0
29,9056;719;-1;1;0;0;0;0
30;719,43604;-1;1;0;0;0;0
30,108719;719,67957;-1;1;0;0;0;0
30,210794;719,9232;-1;1;0;0;0;0
30,313215;720;-1;1;0;0;0;0
30,415985;720,4107;1;1;0;0;0;0
30,519102;720,65454;1;1;0;0;0;0
30,62257;720,8985;1;1;0;0;0;0
30,726387;721;1;1;0;0;0;0
30,830557;721,38666;1;1;0;0;0;0
30,93508;721,63086;1;1;0;0;0;0
31;721,8751;1;1;0;0;0;0
31,145191;722;1;0,7096176;0;0;0;0
31,25078;722,36395;1;0,4984398;0;0;0;0
31,356728;722,60846;1;0,2865448;0;0;0;0
31,463036;722,853;1;0,07392883;0;0;0;0
31,569702;723;1;-0,1394043;0;0;0;0
31,676731;723,3425;1;-0,35346222;0;0;0;0
31,784122;723,5874;1;-0,56824493;0;0;0;0
31,891878;723,83234;1;-0,78375626;0;0;0;0
32;724;;-1;;;;
32,108486;724,32245;;-1;;;;
32,217342;724,5676;;-1;;;;
32,32657;724,8129;;-1;;;;
32,43616;725;;-1;;;;
32,546127;725,3037;;-1;;;;
32,656467;725,54926;;-1;;;;
32,76718;725,7948;;-1;;;;
32,87827;726;;-1;;;;
32,989735;726,2863;;-1;;;;
33;726,53217;;-1;;;;
33,213802;726,7781;;-1;;;;
33,326405;727;;-1;;;;
33,43939;727,2702;;-1;;;;
33,552757;727,5164;;-1;;;;
33,666508;727,76263;;-1;;;;
33,780647;728;;-1;;;;
33,895172;728,25543;;-1;;;;
34;728,50195;;-1;;;;
34,125385;728,7486;;-1;;;;
34,241077;728,99524;;-1;;;;
34,357162;729;;-1;;;;
34,473644;729,4889;;-1;;;;
34,59052;729,73584;;-1;;;;
34,707787;729,98285;;-1;;;;
34,825455;730;;-1;;;;
34,943523;730,4771;;-1;;;;
35;730,7244;;-1;;;;
35,18086;730,97174;;-1;;;;
35,30013;731;;-1;;;;
35,419804;731,46674;;-1;;;;
35,539886;731,71436;;-1;;;;
35,660378;731,96204;;-1;;;;
35,781273;732;;-1;;;;
35,90258;732,45764;;-1;;;;
36;732,7056;;-1;;;;
36,14643;732,9536;;-1;;;;
36,268974;733;;-1;;;;
36,391937;733,44995;;-1;;;;
36,515312;733,69824;;-1;;;;
36,639107;733,9466;;-1;;;;
36,763325;734;;-1;;;;
36,887962;734,44354;;-1;;;;
37;734,6922;;-1;;;;
37,138504;734,94086;;-1;;;;
37,264412;735;;-1;;;;
37,390747;735,43854;;-1;;;;
37,51751;735,6875;;-1;;;;
37,644703;735,9365;;-1;;;;
37,772327;736;;-1;;;;
37,900387;736,4348;;-1;;;;
38;736,68414;;-1;;;;
38,157803;736,9335;;-1;;;;
38,287167;737;;-1;;;;
38,41697;737,4325;;-1;;;;
38,547215;737,6821;;-1;;;;
38,6779;737,9318;;-1;;;;
38,809025;738;;-1;;;;
38,940598;738,4315;;-1;;;;
39;738,68146;;-1;;;;
39,205082;738,9315;;-1;;;;
39,337997;739;;-1;;;;
39,471363;739,4319;;-1;;;;
39,60518;739,6822;;-1;;;;
39,73945;739,93256;;-1;;;;
39,874176;740;;-1;;;;
40;740,4336;;-1;;;;
40,145;740,68427;;-1;;;;
40,2811;740,935;;-1;;;;
40,417664;741;;-1;;;;
40,55469;741,4367;;-1;;;;
40,69218;741,6877;;-1;;;;
40,830135;741,9387;;-1;;;;
40,96856;742;;-1;;;;
41;742,4411;;-1;;;;
41,24682;742,69244;;-1;;;;
41,386654;742,94385;;-1;;;;
41,526966;743;;-1;;;;
41,66775;743,4469;;-1;;;;
41,809017;743,6986;;-1;;;;
41,95076;743,9503;;-1;;;;
42;744;;-1;;;;
42,235687;744,4541;;-1;;;;
42,378876;744,7061;;-1;;;;
42,522552;744,9582;;-1;;;;
42,666714;745;;-1;;;;
42,811363;745,4626;;-1;;;;
42,956505;745,71497;;-1;;;;
43;745,9674;;-1;;;;
43,248264;746;;-1;;;;
43,394886;746,47253;;-1;;;;
43,542004;746,7252;;-1;;;;
43,689625;746,97797;;-1;;;;
43,83774;747;;-1;;;;
43,986362;747,48376;;-1;;;;
44;747,7368;;-1;;;;
44,28512;747,9899;;-1;;;;
44,435253;748;;-1;;;;
44,5859;748,4964;;-1;;;;
44,737057;748,74976;;-1;;;;
44,888725;749;;-1;;;;
45;749,2568;;-1;;;;
45,19361;749,5104;;-1;;;;
45,34683;749,7641;;-1;;;;
45,500565;750;;-1;;;;
45,65482;750,2718;;-1;;;;
45,8096;750,52576;;-1;;;;
45,96491;750,77985;;-1;;;;
46;751;;-1;;;;
46,2771;751,2882;;-1;;;;
46,43399;751,54254;;-1;;;;
46,59141;751,79694;;-1;;;;
46,74937;752;;-1;;;;
46,90786;752,30597;;-1;;;;
47;752,56067;;-1;;;;
47,22646;752,8154;;-1;;;;
47,386566;753;;-1;;;;
47,54722;753,32513;;-1;;;;
47,708416;753,58014;;-1;;;;
47,87016;753,83527;;-1;;;;
48;754;;-1;;;;
48,195293;754,3457;;-0,60941315;;;;
48,358685;754,6011;;-0,28263092;;;;
48,522633;754,8565;;0,045265198;;;;
48,687138;755;;0,3742752;;;;
48,8522;755,3676;;0,7043991;;;;
49;755,62335;;1;;;;
49,184002;755,8791;;1;;;;
49,350746;756;;1;;;;
49,51806;756,3909;;1;;;;
49,685936;756,647;;1;;;;
49,85438;756,90314;;1;;;;
50;757;;1;;;;
50,192993;757,41565;;1;;;;
50,36316;757,67206;;1;;;;
50,5339;757,9285;;1;;;;
50,705223;758;;1;;;;
50,87713;758,4417;;1;;;;
51;758,6985;;1;;;;
51,222683;758,9553;;1;;;;
51,39634;759;;1;;;;
51,570587;759,4692;;1;;;;
51,745422;759,7263;;1;;;;
51,920853;759,98346;;1;;;;
52;760;;1;;;;
52,2735;760,49805;;1;;;;
52,450718;760,7555;;1;;;;
52,62854;761;;1;;;;
52,80696;761,2706;;1;;;;
52,985992;761,5283;;1;;;;
53;761,78613;;1;;;;
53,34587;762;;1;;;;
53,526726;762,30194;;1;;;;
53,708195;762,56;;1;;;;
53,890278;762,8181;;1;;;;
54;763;;1;;;;
54,256298;763,33466;;1;;;;
54,440243;763,593;;1;;;;
54,624805;763,8515;;1;;;;
54,809998;764;;1;;;;
54,99582;764,3688;;1;;;;
55;764,6275;;1;;;;
55,369347;764,88635;;1;;;;
55,557064;765;;1;;;;
55,745415;765,40424;;1;;;;
55,934406;765,6633;;1;;;;
56;765,92255;;1;;;;
56,314312;766;;1;;;;
56,50523;766,44116;;1;;;;
56,696796;766,7006;;1;;;;
56,88901;766,96014;;1;;;;
57;767;;1;;;;
57,275402;767,4795;;1;;;;
57,469578;767,73926;;1;;;;
57,664413;767,99915;;1;;;;
57,85991;768;;1;;;;
58;768,5192;;1;;;;
58,252895;768,77936;;1;;;;
58,450386;769;;1;;;;
58,648544;769,2999;;1;;;;
58,847378;769,5603;;1;;;;
59;769,82086;;1;;;;
59,24707;770;;1;;;;
59,44793;770,3421;;1;;;;
59,649475;770,60284;;1;;;;
59,8517;770,8637;;1;;;;
60;771;;1;;;;
60,25821;771,3857;;1;;;;
60,4625;771,64685;;1;;;;
60,667484;771,908;;1;;;;
60,87316;772;;1;;;;
61;772,4307;;1;;;;
61,28661;772,6922;;1;;;;
61,494385;772,95374;;1;;;;
61,702866;773;;1;;;;
61,912056;773,4771;;1;;;;
62;773,73895;;1;;;;
62,33256;774;;1;;;;
62,543884;774,2629;;1;;;;
62,75592;774,52496;;1;;;;
62,968678;774,7872;;1;;;;
63;775;;1;;;;
63,396362;775,3118;;0,20727539;;;;
63,61129;775,5743;;-0,22257996;;;;
63,826946;775,8368;;-0,6538925;;;;
64;776;;-1;;;;
64,26046;776,3621;;-1;;;;
64,47832;776,62494;;-1;;;;
64,696915;776,8878;;-1;;;;
64,91625;777;;-1;;;;
65;777,4139;;-1;;;;
65,35716;777,67706;;-1;;;;
65,578735;777,9403;;-1;;;;
65,80106;778;;-1;;;;
66;778,46704;;-1;;;;
66,247986;778,7306;;-1;;;;
66,47258;778,9942;;-1;;;;
66,69794;779;;-1;;;;
66,924065;779,52167;;-1;;;;
67;779,7855;;-1;;;;
67,37861;780;;-1;;;;
67,60704;780,31354;;-1;;;;
67,83624;780,5777;;-1;;;;
68;780,8419;;-1;;;;
68,29699;781;;-1;;;;
68,52853;781,37067;;-1;;;;
68,76086;781,6352;;-1;;;;
68,99397;781,8998;;-1;;;;
69;782;;-1;;;;
69,46258;782,4292;;-1;;;;
69,698074;782,69403;;-1;;;;
69,934364;782,959;;-1;;;;
70;783;;-1;;;;
70,40936;783,4892;;-1;;;;
70,64806;783,7544;;-1;;;;
70,88758;784;;-1;;;;
71;784,2851;;-1;;;;
71,36904;784,5506;;-1;;;;
71,611;784,81616;;-1;;;;
71,85378;785;;-1;;;;
72;785,3476;;-1;;;;
72,34181;785,6134;;-1;;;;
72,58707;785,8794;;-1;;;;
72,83315;786;;-1;;;;
73;786,4115;;-1;;;;
73,327835;786,67773;;-1;;;;
73,57644;786,94403;;-1;;;;
73,825874;787;;-1;;;;
74;787,47687;;-1;;;;
74,3273;787,74347;;-1;;;;
74,579285;788;;-1;;;;
74,83213;788,27686;;-1;;;;
75;788,5437;;-1;;;;
75,340385;788,8106;;-1;;;;
75,59581;789;;-1;;;;
75,8521;789,3447;;-1;;;;
76;789,61194;;-1;;;;
76,36729;789,8792;;-1;;;;
76,62619;790;;-1;;;;
76,88597;790,41406;;-1;;;;
77;790,68164;;-1;;;;
77,40818;790,9493;;-1;;;;
77,67061;791;;-1;;;;
77,93393;791,48486;;-1;;;;
78;791,7528;;-1;;;;
78,46326;792;;-1;;;;
78,72926;792,28894;;-1;;;;
78,99618;792,5571;;-1;;;;
79;792,8254;;-1;;;;
79,532715;793;;-1;;;;
79,80235;793,36224;;-1;;;;
80;793,6308;;-1;;;;
80,34437;793,8995;;-0,31126404;;;;
80,61675;794;;0,23350525;;;;
80,89007;794,437;;0,7801361;;;;
81;794,70593;;1;;;;
81,43947;794,975;;1;;;;
81,71557;795;;1;;;;
81,99261;795,51324;;1;;;;
82;795,78253;;1;;;;
82,5495;796;;1;;;;
82,82936;796,3214;;1;;;;
83;796,59094;;1;;;;
83,39194;796,8606;;1;;;;
83,67465;797;;1;;;;
83,95833;797,4002;;1;;;;
84;797,6701;;1;;;;
84,52857;797,9401;;1;;;;
84,81515;798;;1;;;;
85;798,48047;;1;;;;
85,391205;798,75073;;1;;;;
85,6807;799;;1;;;;
85,97118;799,2916;;1;;;;
86;799,5622;;1;;;;
86,5551;799,8328;;1;;;;
86,84854;800;;1;;;;
87;800,37445;;1;;;;
87,438416;800,6453;;1;;;;
87,73485;800,9164;;1;;;;
88;801;;1;;;;
88,33074;801,4587;;1;;;;
88,6302;801,73;;1;;;;
88,93069;802;;1;;;;
89;802,2729;;1;;;;
89,5347;802,54443;;1;;;;
89,83824;802,8161;;1;;;;
90;803;;1;;;;
90,448425;803,35974;;1;;;;
90,755066;803,63165;;1;;;;
91;803,9037;;1;;;;
91,37147;804;;1;;;;
91,681244;804,44806;;1;;;;
91,992065;804,7204;;1;;;;
92;804,9928;;1;;;;
92,616875;805;;1;;;;
92,93086;805,53784;;1;;;;
93;805,81055;;1;;;;
93,56205;806;;1;;;;
93,87925;806,3562;;1;;;;
94;806,62915;;1;;;;
94,51688;806,9022;;1;;;;
94,83731;807;;1;;;;
95;807,44855;;1;;;;
95,48144;807,7219;;0,037124634;;;;
95,805145;807,9953;;-0,6102905;;;;
96;808;;-1;;;;
96,45586;808,5424;;-1;;;;
96,78286;808,81616;;-1;;;;
97;809;;-1;;;;
97,44021;809,36383;;-1;;;;
97,77055;809,63776;;-1;;;;
98;809,91187;;-1;;;;
98,43461;810;;-1;;;;
98,768326;810,46027;;-1;;;;
99;810,7346;;-1;;;;
99,439156;811;;-1;;;;
99,77628;811,28357;;-1;;;;
100;811,5582;;-1;;;;
100,45396;811,83295;;-1;;;;
100,794525;812;;-1;;;;
101;812,3826;;-1;;;;
101,47912;812,65765;;-1;;;;
101,82316;812,93274;;-1;;;;
102;813;;-1;;;;
102,51474;813,4832;;-1;;;;
102,86229;813,75854;;-1;;;;
103;814;;-1;;;;
103,56092;814,3096;;-1;;;;
103,91202;814,58527;;-1;;;;
104;814,86096;;-1;;;;
104,61779;815;;-1;;;;
104,972466;815,4128;;-1;;;;
105;815,6888;;-1;;;;
105,68544;815,9649;;-1;;;;
106;816;;-1;;;;
106,40325;816,5174;;-1;;;;
106,763985;816,7938;;-1;;;;
107;817;;-1;;;;
107,48912;817,34686;;-1;;;;
107,85354;817,6236;;-1;;;;
108;817,9003;;-1;;;;
108,586075;818;;-1;;;;
108,95421;818,45416;;-1;;;;
109;818,7312;;-1;;;;
109,69422;819;;-1;;;;
110;819,2856;;-1;;;;
110,43926;819,5629;;-1;;;;
110,81368;819,8404;;-1;;;;
111;820;;-1;;;;
111,56632;820,3955;;-1;;;;
111,944565;820,6732;;-1;;;;
112;820,95105;;-1;;;;
112,70489;821;;0,40977478;;;;
113;821,5069;;1;;;;
113,470375;821,785;;1;;;;
113,855064;822;;1;;;;
114;822,34143;;1;;;;
114,628365;822,6198;;1;;;;
115;822,8983;;1;;;;
115,40692;823;;1;;;;
115,79818;823,4555;;1;;;;
116;823,73425;;1;;;;
116,58468;824;;1;;;;
116,97993;824,292;;1;;;;
117;824,57104;;1;;;;
117,77445;824,85016;;1;;;;
118;825;;1;;;;
118,57437;825,4087;;1;;;;
118,97637;825,6881;;1;;;;
119;825,9676;;1;;;;
119,784454;826;;1;;;;
120;826,5269;;1;;;;
120,59803;826,8067;;1;;;;
121;827;;1;;;;
121,41713;827,3665;;1;;;;
121,82876;827,6466;;1;;;;
122;827,92676;;1;;;;
122,65622;828;;1;;;;
123;828,48737;;1;;;;
123,489296;828,7678;;1;;;;
123,90795;829;;1;;;;
124;829,32904;;1;;;;
124,749535;829,60974;;1;;;;
125;829,89056;;1;;;;
125,59683;830;;1;;;;
126;830,4525;;1;;;;
126,44988;830,73364;;1;;;;
126,87858;831;;1;;;;
127;831,29614;;1;;;;
127,74033;831,5776;;-0,4806671;;;;
128;831,8591;;-1;;;;
128,60794;832;;-1;;;;
129;832,42236;;-1;;;;
129,48145;832,7041;;-1;;;;
129,92043;832,986;;-1;;;;
130;833;;-1;;;;
130,80284;833,55005;;-1;;;;
131;833,8322;;-1;;;;
131,69124;834;;-1;;;;
132;834,3968;;-1;;;;
132,5857;834,67926;;-1;;;;
133;834,9618;;-1;;;;
133,4862;835;;-1;;;;
133,93875;835,52716;;-1;;;;
134;835,81;;-1;;;;
134,84846;836;;-1;;;;
135;836,376;;-1;;;;
135,76436;836,6591;;-1;;;;
136;836,9423;;-1;;;;
136,68646;837;;-1;;;;
137;837,50903;;-1;;;;
137,61484;837,79254;;-1;;;;
138;838;;-1;;;;
138,54951;838,3598;;-1;;;;
139;838,6436;;-1;;;;
139,49054;838,9275;;-1;;;;
139,96344;839;;-1;;;;
140;839,49554;;-1;;;;
140,91408;839,7797;;-1;;;;
141;840;;-1;;;;
141,87115;840,3484;;-1;;;;
142;840,6329;;-1;;;;
142,83475;840,9174;;-1;;;;
143;841;;-1;;;;
143,80487;841,4868;;-1;;;;
144;841,77167;;-1;;;;
144,78159;842;;0,5631714;;;;
145;842,3417;;1;;;;
145,76494;842,62683;;1;;;;
146;842,91205;;1;;;;
146,75497;843;;1;;;;
147;843,4828;;1;;;;
147,75174;843,7683;;1;;;;
148;844;;1;;;;
148,75526;844,33966;;1;;;;
149;844,6255;;1;;;;
149,76561;844,9114;;1;;;;
150;845;;1;;;;
150,7828;845,4835;;1;;;;
151;845,7697;;1;;;;
151,80692;846;;1;;;;
152;846,3424;;1;;;;
152,83798;846,6289;;1;;;;
153;846,9155;;1;;;;
153,87607;847;;1;;;;
154;847,48895;;1;;;;
154,92119;847,7759;;1;;;;
155;848;;1;;;;
155,9734;848,3499;;1;;;;
156;848,6371;;1;;;;
157;848,9244;;1;;;;
157,56516;849;;1;;;;
158;849,4992;;1;;;;
158,63533;849,78674;;1;;;;
159;850;;1;;;;
159,71278;850,3622;;-0,42556763;;;;
160;850,65;;-1;;;;
160,79755;850,938;;-1;;;;
161;851;;-1;;;;
161,88968;851,51416;;-1;;;;
162;851,8024;;-1;;;;
162,98923;852;;-1;;;;
163;852,3792;;-1;;;;
164;852,6677;;-1;;;;
164,65257;852,95636;;-1;;;;
165;853;;-1;;;;
165,77089;853,53394;;-1;;;;
166;853,8229;;-1;;;;
166,8968;854;;-1;;;;
167;854,401;;-1;;;;
168;854,69025;;-1;;;;
168,60002;854,97955;;-1;;;;
169;855;;-1;;;;
169,74515;855,5585;;-1;;;;
170;855,8481;;-1;;;;
170,89806;856;;-1;;;;
171;856,4276;;-1;;;;
172;856,7175;;-1;;;;
172,64212;857;;-1;;;;
173;857,2976;;-1;;;;
173,8147;857,5878;;-1;;;;
174;857,8781;;-1;;;;
174,99524;858;;-1;;;;
175;858,45905;;-1;;;;
176;858,74963;;-1;;;;
176,78111;859;;0,56222534;;;;
177;859,3311;;1;;;;
177,9818;859,622;;1;;;;
178;859,91296;;1;;;;
179;860;;1;;;;
179,79816;860,49524;;1;;;;
180;860,78656;;1;;;;
181;861;;1;;;;
181,63304;861,3694;;1;;;;
182;861,661;;1;;;;
182,86668;861,9527;;1;;;;
183;862;;1;;;;
184;862,5363;;1;;;;
184,73288;862,8283;;1;;;;
185;863;;1;;;;
185,98758;863,41254;;1;;;;
186;863,70483;;1;;;;
187;863,9972;;1;;;;
187,88564;864;;1;;;;
188;864,5822;;1;;;;
189;864,8749;;1;;;;
189,80305;865;;1;;;;
190;865,4605;;1;;;;
191;865,7535;;1;;;;
191,74004;866;;-0,48007202;;;;
192;866,3397;;-1;;;;
193;866,633;;-1;;;;
193,6968;866,92633;;-1;;;;
194;867;;-1;;;;
195;867,51337;;-1;;;;
195,67351;867,807;;-1;;;;
196;868;;-1;;;;
197;868,39465;;-1;;;;
197,67041;868,6886;;-1;;;;
198;868,98267;;-1;;;;
199;869;;-1;;;;
199,68768;869,5711;;-1;;;;
200;869,8654;;-1;;;;
201;870;;-1;;;;
201,72556;870,45447;;-1;;;;
202;870,7491;;-1;;;;
203;871;;-1;;;;
203,78421;871,33875;;-1;;;;
204;871,63367;;-1;;;;
205;871,9287;;-1;;;;
205,86388;872;;-1;;;;
206;872,51917;;-1;;;;
207;872,8145;;-1;;;;
207,96477;873;;-1;;;;
208;873,4055;;-1;;;;
209;873,7012;;1;;;;
210;873,9969;;1;;;;
210,79935;874;;1;;;;
211;874,58875;;1;;;;
212;874,88477;;1;;;;
212,9506;875;;1;;;;
213;875,4772;;1;;;;
214;875,77356;;1;;;;
215;876;;1;;;;
215,85313;876,3666;;1;;;;
216;876,6632;;1;;;;
217;876,95996;;1;;;;
218;877;;1;;;;
218,79523;877,5538;;1;;;;
219;877,8508;;1;;;;
220;878;;1;;;;
221;878,44525;;1;;;;
221,77744;878,7426;;1;;;;
222;879;;1;;;;
223;879,33765;;1;;;;
224;879,6353;;-1;;;;
224,80028;879,9331;;-1;;;;
225;880;;-1;;;;
226;880,52893;;-1;;;;
227;880,82697;;-1;;;;
227,86432;881;;-1;;;;
228;881,4234;;-1;;;;
229;881,7218;;-1;;;;
230;882;;-1;;;;
230,97014;882,31885;;-1;;;;
231;882,6175;;-1;;;;
232;882,91626;;-1;;;;
233;883;;-1;;;;
234;883,5141;;-1;;;;
234,91199;883,8132;;-1;;;;
235;884;;-1;;;;
236;884,4116;;-1;;;;
237;884,71106;;-1;;;;
238;885;;-1;;;;
238,92113;885,3101;;-1;;;;
239;885,6098;;-1;;;;
240;885,90955;;-1;;;;
241;886;;1;;;;
242;886,50946;;1;;;;
242,99869;886,8095;;1;;;;
243;887;;1;;;;
244;887,41003;;1;;;;
245;887,7104;;1;;;;
246;888;;1;;;;
247;888,3115;;1;;;;
247,98372;888,6122;;1;;;;
248;888,913;;1;;;;
249;889;;1;;;;
250;889,51495;;1;;;;
251;889,81604;;1;;;;
252;890;;1;;;;
253;890,4186;;1;;;;
253,92899;890,72;;1;;;;
254;891;;1;;;;
255;891,3231;;1;;;;
256;891,6248;;-1;;;;
257;891,92664;;-1;;;;
258;892;;-1;;;;
259;892,5306;;-1;;;;
260;892,8327;;-1;;;;
260,89832;893;;-1;;;;
261;893,4373;;-1;;;;
262;893,73975;;-1;;;;
263;894;;-1;;;;
264;894,3449;;-1;;;;
265;894,64764;;-1;;;;
266;894,9505;;-1;;;;
267;895;;-1;;;;
268;895,5565;;-1;;;;
268,96768;895,8596;;-1;;;;
269;896;;-1;;;;
270;896,46625;;-1;;;;
271;896,7697;;-1;;;;
272;897;;-1;;;;
273;897,37695;;1;;;;
274;897,6807;;1;;;;
275;897,98456;;1;;;;
276;898;;1;;;;
277;898,59265;;1;;;;
278;898,89685;;1;;;;
279;899;;1;;;;
280;899,5055;;1;;;;
281;899,81;;1;;;;
282;900;;1;;;;
282,9751;900,41925;;1;;;;
283;900,72406;;1;;;;
284;901;;1;;;;
285;901,334;;1;;;;
286;901,6391;;1;;;;
287;901,9443;;1;;;;
288;902;;-1;;;;
289;902,55505;;-1;;;;
290;902,86053;;-1;;;;
291;903;;-1;;;;
292;903,4719;;-1;;;;
293;903,7778;;-1;;;;
294;904;;-1;;;;
295;904,3897;;-1;;;;
296;904,69586;;-1;;;;
297;905;;-1;;;;
298;905,3085;;-1;;;;
299;905,6149;;-1;;;;
300;905,92145;;-1;;;;
301;906;;-1;;;;
302;906,5349;;-1;;;;
303;906,8418;;-1;;;;
304;907;;-1;;;;
305;907,4558;;1;;;;
306;907,763;;1;;;;
307;908;;1;;;;
308,5;908,3777;;1;;;;
310;908,6852;;1;;;;
311;908,99274;;1;;;;
312;909;;1;;;;
313;909,6083;;1;;;;
314;909,9162;;1;;;;
315;910;;1;;;;
316;910,5323;;1;;;;
317;910,8405;;1;;;;
318;911;;1;;;;
319;911,4573;;1;;;;
320;911,7658;;-1;;;;
321;912;;-1;;;;
322;912,38324;;-1;;;;
323;912,6921;;-1;;;;
324,5;913;;-1;;;;
326;913,31006;;-1;;;;
327;913,61926;;-1;;;;
328;913,9285;;-1;;;;
329;914;;-1;;;;
330;914,54736;;-1;;;;
331;914,85693;;-1;;;;
332;915;;-1;;;;
333,5;915,47644;;-1;;;;
335;915,7863;;-1;;;;
336;916;;-1;;;;
337;916,40643;;1;;;;
338;916,7166;;1;;;;
339;917;;1;;;;
340;917,33734;;1;;;;
341,5;917,6479;;1;;;;
343;917,9585;;1;;;;
344;918;;1;;;;
345;918,5801;;1;;;;
346;918,89105;;1;;;;
347;919;;1;;;;
348,5;919,51324;;1;;;;
350;919,8245;;1;;;;
351;920;;1;;;;
352;920,4474;;-1;;;;
353;920,7589;;-1;;;;
354,5;921;;-1;;;;
356;921,3824;;-1;;;;
357;921,69434;;-1;;;;
358;922;;-1;;;;
359;922,3184;;-1;;;;
360,5;922,6306;;-1;;;;
362;922,94293;;-1;;;;
363;923;;-1;;;;
364;923,5679;;-1;;;;
365;923,88055;;-1;;;;
366,5;924;;-1;;;;
368;924,5061;;-1;;;;
369;924,8191;;1;;;;
370;925;;1;;;;
371,5;925,4453;;1;;;;
373;925,75854;;1;;;;
374;926;;1;;;;
375,5;926,38544;;1;;;;
377;926,69904;;1;;;;
378;927;;1;;;;
379;927,32654;;1;;;;
380,5;927,64044;;1;;;;
382;927,9544;;1;;;;
383;928;;1;;;;
384,5;928,58276;;-1;;;;
386;928,8971;;-1;;;;
387;929;;-1;;;;
388;929,5261;;-1;;;;
389,5;929,84076;;-1;;;;
391;930;;-1;;;;
392;930,4704;;-1;;;;
393,5;930,78534;;-1;;;;
395;931;;-1;;;;
396;931,4156;;-1;;;;
397,5;931,7309;;-1;;;;
399;932;;-1;;;;
400,5;932,3618;;0;;;;
402;932,6774;;1;;;;
403;932,99316;;1;;;;
404,5;933;;1;;;;
406;933,6249;;1;;;;
407;933,9409;;1;;;;
408,5;934;;1;;;;
410;934,5733;;1;;;;
411,5;934,8897;;1;;;;
413;935;;1;;;;
414;935,52277;;1;;;;
415,5;935,8394;;0;;;;
417;936;;-1;;;;
418,5;936,4731;;-1;;;;
420;936,7901;;-1;;;;
421;937;;-1;;;;
422,5;937,42444;;-1;;;;
424;937,74176;;-1;;;;
425,5;938;;-1;;;;
427;938,3767;;-1;;;;
428,5;938,6944;;-1;;;;
430;939;;-1;;;;
431;939,33;;-1;;;;
432,5;939,64795;;0;;;;
434;939,96606;;1;;;;
435,5;940;;1;;;;
437;940,60254;;1;;;;
438,5;940,92096;;1;;;;
440;941;;1;;;;
441,5;941,55804;;1;;;;
443;941,8768;;1;;;;
444,5;942;;1;;;;
446;942,5146;;1;;;;
447,5;942,8336;;0;;;;
449;943;;-1;;;;
450,5;943,47205;;-1;;;;
452;943,7914;;-1;;;;
453,5;944;;-1;;;;
455,5;944,4305;;-1;;;;
457;944,7502;;-1;;;;
458,5;945;;-1;;;;
460;945,3899;;-1;;;;
461,5;945,7099;;-1;;;;
463;946;;-1;;;;
464,5;946,3503;;0;;;;
466;946,67065;;1;;;;
467,5;946,9911;;1;;;;
469,5;947;;1;;;;
471;947,6323;;1;;;;
472,5;947,9531;;1;;;;
474;948;;1;;;;
475,5;948,595;;1;;;;
477,5;948,9161;;1;;;;
479;949;;1;;;;
480,5;949,55865;;-1;;;;
482,5;949,88007;;-1;;;;
484;950;;-1;;;;
485,5;950,52325;;-1;;;;
487;950,84503;;-1;;;;
488,5;951;;-1;;;;
490,5;951,4889;;-1;;;;
492;951,811;;-1;;;;
493,5;952;;-1;;;;
495,5;952,45544;;-1;;;;
497;952,7779;;1;;;;
498,5;953;;1;;;;
500,5;953,42303;;1;;;;
502,5;953,7458;;1;;;;
504;954;;1;;;;
505,5;954,3916;;1;;;;
507,5;954,71466;;1;;;;
509;955;;1;;;;
510,5;955,3611;;1;;;;
512,5;955,6845;;-1;;;;
514,5;956;;-1;;;;
516;956,3316;;-1;;;;
517,5;956,65533;;-1;;;;
519,5;956,9792;;-1;;;;
521,5;957;;-1;;;;
523;957,6272;;-1;;;;
524,5;957,95135;;-1;;;;
526,5;958;;-1;;;;
528,5;958,60004;;0;;;;
530,5;958,9245;;1;;;;
532;959;;1;;;;
533,5;959,57385;;1;;;;
535,5;959,8987;;1;;;;
537,5;960;;1;;;;
539,5;960,54865;;1;;;;
541;960,8738;;1;;;;
542,5;961;;1;;;;
544,5;961,5244;;-1;;;;
546,5;961,8499;;-1;;;;
548,5;962;;-1;;;;
550,5;962,5012;;-1;;;;
552,5;962,827;;-1;;;;
554;963;;-1;;;;
555,5;963,479;;-1;;;;
557,5;963,8051;;-1;;;;
559,5;964;;-1;;;;
561,5;964,45776;;1;;;;
563,5;964,78424;;1;;;;
565,5;965;;1;;;;
567,5;965,4375;;1;;;;
569,5;965,76434;;1;;;;
571,5;966;;1;;;;
573,5;966,4183;;1;;;;
575;966,7454;;1;;;;
576,5;967;;-1;;;;
578,5;967,4;;-1;;;;
580,5;967,7275;;-1;;;;
582,5;968;;-1;;;;
584,5;968,38275;;-1;;;;
586,5;968,7106;;-1;;;;
588,5;969;;-1;;;;
590,5;969,3665;;-1;;;;
592,5;969,69464;;0;;;;
594,5;970;;1;;;;
596,5;970,35126;;1;;;;
598,5;970,67975;;1;;;;
600,5;971;;1;;;;
602,5;971,33704;;1;;;;
604,5;971,66583;;1;;;;
607;971,99475;;0,33333334;;;;
609,5;972;;-1;;;;
611,5;972,6529;;-1;;;;
613,5;972,9822;;-1;;;;
615,5;973;;-1;;;;
617,5;973,641;;-1;;;;
619,5;973,9706;;-1;;;;
621,5;974;;-1;;;;
623,5;974,63007;;-1;;;;
625,5;974,96;;1;;;;
627,5;975;;1;;;;
630;975,6202;;1;;;;
632,5;975,95044;;1;;;;
634,5;976;;1;;;;
636,5;976,61127;;1;;;;
638,5;976,9419;;1;;;;
640,5;977;;-1;;;;
643;977,6034;;-1;;;;
645,5;977,9343;;-1;;;;
647,5;978;;-1;;;;
649,5;978,5965;;-1;;;;
651,5;978,92773;;-1;;;;
654;979;;-1;;;;
656,5;979,59064;;0;;;;
658,5;979,92224;;1;;;;
660,5;980;;1;;;;
662,5;980,58575;;1;;;;
665;980,9177;;1;;;;
667,5;981;;1;;;;
669,5;981,5819;;1;;;;
672;981,9142;;-0,33333334;;;;
674,5;982;;-1;;;;
676,5;982,57904;;-1;;;;
678,5;982,9117;;-1;;;;
681;983;;-1;;;;
683,5;983,5772;;-1;;;;
685,5;983,91016;;-1;;;;
688;984;;-0,33333334;;;;
690,5;984,5764;;1;;;;
692,5;984,9097;;1;;;;
695;985;;1;;;;
697,5;985,5766;;1;;;;
699,5;985,9102;;1;;;;
702;986;;1;;;;
704,5;986,5778;;-1;;;;
707;986,9118;;-1;;;;
709,5;987;;-1;;;;
711,5;987,5801;;-1;;;;
714;987,91437;;-1;;;;
716,5;988;;-1;;;;
719;988,5833;;-1;;;;
721,5;988,91797;;1;;;;
724;989;;1;;;;
726,5;989,5876;;1;;;;
728,5;989,92255;;1;;;;
731;990;;1;;;;
733,5;990,5929;;1;;;;
736;990,9282;;-0,33333334;;;;
738,5;991;;-1;;;;
741;991,5992;;-1;;;;
743,5;991,9349;;-1;;;;
746;992;;-1;;;;
749;992,6065;;-1;;;;
751,5;992,9425;;-1;;;;
754;993;;1;;;;
756,5;993,61487;;1;;;;
759;993,95123;;1;;;;
761,5;994;;1;;;;
764;994,62427;;1;;;;
766,5;994,96094;;1;;;;
769;995;;-1;;;;
772;995,63464;;-1;;;;
774,5;995,9717;;-1;;;;
777;996;;-1;;;;
780;996,6461;;-1;;;;
782,5;996,98346;;-1;;;;
785;997;;0,33333334;;;;
788;997,65857;;1;;;;
790,5;997,9963;;1;;;;
793;998;;1;;;;
796;998,67206;;1;;;;
798,5;999;;1;;;;
801;999,34827;;-1;;;;
804;999,6866;;-1;;;;
806,5;1000;;-1;;;;
809;1000,36346;;-1;;;;
812;1000,70215;;-1;;;;
815;1001;;-1;;;;
818;1001,3797;;1;;;;
820,5;1001,7187;;1;;;;
823;1002;;1;;;;
826;1002,397;;1;;;;
829;1002,7363;;1;;;;
831,5;1003;;0;;;;
834;1003,4153;;-1;;;;
837;1003,75494;;-1;;;;
840;1004;;-1;;;;
843;1004,43463;;-1;;;;
846;1004,77466;;-1;;;;
849;1005;;0,33333334;;;;
851,5;1005,455;;1;;;;
854;1005,79535;;1;;;;
857;1006;;1;;;;
860;1006,47644;;1;;;;
863;1006,81714;;0,33333334;;;;
866;1007;;-1;;;;
869;1007,49884;;-1;;;;
872;1007,8399;;-1;;;;
875;1008;;-1;;;;
878;1008,52234;;-1;;;;
881;1008,8638;;0,33333334;;;;
884;1009;;1;;;;
887;1009,5469;;1;;;;
890;1009,8886;;1;;;;
893;1010;;1;;;;
896;1010,57245;;-0,33333334;;;;
899;1010,91455;;-1;;;;
902;1011;;-1;;;;
905;1011,59906;;-1;;;;
908;1011,94147;;-1;;;;
911;1012;;-1;;;;
914;1012,6267;;1;;;;
917;1012,9695;;1;;;;
920,5;1013;;1;;;;
924;1013,6554;;1;;;;
927;1013,99854;;0,33333334;;;;
930;1014;;-1;;;;
933;1014,6851;;-1;;;;
936;1015;;-1;;;;
939;1015,3722;;-1;;;;
942,5;1015,71594;;-1;;;;
946;1016;;1;;;;
949;1016,4037;;1;;;;
952;1016,74774;;1;;;;
955;1017;;1;;;;
958,5;1017,4362;;0,5;;;;
962;1017,78064;;-1;;;;
965;1018;;-1;;;;
968,5;1018,4698;;-1;;;;
972;1018,8146;;-1;;;;
975;1019;;-1;;;;
978;1019,50446;;1;;;;
981,5;1019,84955;;1;;;;
985;1020;;1;;;;
988;1020,5401;;1;;;;
991,5;1020,88556;;0;;;;
995;1021;;-1;;;;
998,5;1021,57684;;-1;;;;
1002;1021,92267;;-1;;;;
1005;1022;;-1;;;;
1008,5;1022,6146;;0;;;;
1012;1022,9608;;1;;;;
1015,5;1023;;1;;;;
1019;1023;;1;;;;
